time,x,y,z,a
0.0007369166632997803,0.1149609375,0.39592666625976564,9.775571594238281,9.784261542716692
0.010722916667873506,0.11301498413085938,0.4070036315917969,9.802066497802734,9.81116363996207
0.020707916664832737,0.10298583984375001,0.398770751953125,9.795180816650392,9.803835546697906
0.030692916669067927,0.11810440063476563,0.39173538208007813,9.747729492187501,9.756312598102047
0.040678916666365694,0.10373428344726562,0.370030517578125,9.746082916259766,9.75365652440724
0.050663916663324926,0.09370513916015626,0.3622467041015625,9.720935211181642,9.728133670325905
0.06064991666789865,0.09415420532226564,0.37272491455078127,9.746382293701172,9.753961076981929
0.07063491666485788,0.09505233764648438,0.3646417236328125,9.758207702636719,9.765480843322798
0.08061991666909307,0.09295669555664063,0.370030517578125,9.783954162597658,9.79139022749068
0.09060591666639084,0.10253677368164063,0.3703298950195313,9.739795989990235,9.747373181926097
0.10059091666335007,0.08187973022460938,0.36060012817382814,9.758507080078125,9.765510594669156
0.1105769166679238,0.09624984741210937,0.3710783386230469,9.778715057373047,9.786226613961913
0.12056191666488303,0.11630813598632814,0.40625518798828125,9.835147705078125,9.844221718397423
0.13054691666911822,0.10687774658203125,0.4032614135742188,9.714348907470704,9.723302798764912
0.14053291666641599,0.08607101440429688,0.38095779418945314,9.780960388183594,9.788754934908262
0.15051791666337522,0.09864486694335937,0.3597019958496094,9.740544433593751,9.747682914334394
0.16050391666794894,0.1035845947265625,0.36673736572265625,9.782008209228517,9.789428515960262
0.17048891666490817,0.10014175415039063,0.35940261840820314,9.721983032226563,9.729139360290004
0.18047391666914336,0.087418212890625,0.3565585327148438,9.742640075683594,9.749554429588708
0.19045991666644113,0.07843688964843751,0.35715728759765625,9.723330230712891,9.730203720849685
0.20044491666340036,0.07813751220703126,0.3430865478515625,9.744735717773438,9.751086506609404
0.2104309166679741,0.07529342651367188,0.38859191894531253,9.782457275390625,9.790461844284403
0.22041591666493332,0.07424560546875,0.4076023864746094,9.803114318847657,9.81186539164634
0.2304009166691685,0.07200027465820313,0.40924896240234376,9.787546691894532,9.79636355995396
0.24038691666646628,0.07229965209960938,0.38814285278320315,9.75775863647461,9.765742968231105
0.2503719166634255,0.085023193359375,0.38619689941406254,9.79173797607422,9.79971987255861
0.26035791666799923,0.08891510009765625,0.3632945251464844,9.777218170166016,9.78436936925683
0.27034291666495847,0.07394622802734375,0.3523672485351563,9.735604705810548,9.742259989872997
0.28032791666919366,0.05179229736328125,0.34712814331054687,9.718839569091797,9.725174700728456
0.2903139166664914,0.06571334838867188,0.3438349914550781,9.745184783935548,9.751470002956184
0.30029891666345065,0.07948471069335938,0.37212615966796875,9.770033111572266,9.77744049836979
0.3102849166680244,0.0676593017578125,0.38993911743164067,9.786648559570313,9.794647534493388
0.3202699166649836,0.0748443603515625,0.4014651489257813,9.784702606201172,9.79322117772689
0.3302549166692188,0.08816665649414063,0.4005670166015625,9.768685913085937,9.777292660170813
0.34024091666651657,0.11301498413085938,0.3993695068359375,9.772727508544923,9.781537269054345
0.3502259166634758,0.12918136596679688,0.37751495361328125,9.789492645263673,9.79762071204975
0.3602119166680495,0.1407073974609375,0.36314483642578127,9.75012451171875,9.757899401917491
0.37019691666500876,0.13621673583984376,0.36898269653320315,9.75012451171875,9.758054684386769
0.38018191666924395,0.12304412841796876,0.35715728759765625,9.74144256591797,9.748764252493787
0.3901679166665417,0.12484039306640625,0.3650907897949219,9.767488403320312,9.77510645044497
0.40015291666350095,0.12304412841796876,0.37661682128906254,9.751771087646485,9.759816567614063
0.41013891666807467,0.11271560668945313,0.3823049926757813,9.752669219970704,9.760810357218308
0.4201239166650339,0.11226654052734375,0.3879931640625,9.776020660400391,9.784361114761479
0.4301089166692691,0.10672805786132813,0.39951919555664067,9.778715057373047,9.78745496231004
0.44009491666656686,0.1239422607421875,0.38814285278320315,9.770332489013672,9.778824750655913
0.4500799166635261,0.12708572387695313,0.3811074829101563,9.760003967285156,9.76826858435851
0.4600659166680998,0.11032058715820313,0.3745211791992188,9.760303344726562,9.768109240108867
0.47005091666505905,0.10448272705078125,0.3661386108398438,9.753717041015625,9.761145949057328
0.4800369166696328,0.08562194824218751,0.3514691162109375,9.756710815429688,9.763414750669641
0.490021916666592,0.07035369873046875,0.36134857177734375,9.75536361694336,9.76230719307853
0.5000069166635512,0.06331832885742188,0.3688330078125,9.768685913085937,9.775851444602917
0.509992916668125,0.05583389282226563,0.38589752197265625,9.760003967285156,9.767789502363076
0.5199779166650842,0.060174865722656255,0.39008880615234376,9.768835601806641,9.776806191506253
0.5299639166696579,0.06556365966796876,0.3841012573242188,9.780511322021486,9.788270229695213
0.5399489166666172,0.07499404907226563,0.39667510986328125,9.774374084472656,9.782707395879322
0.5499339166635764,0.09131011962890626,0.3990701293945313,9.771979064941407,9.780550564859565
0.5599199166681501,0.10822494506835938,0.3683839416503906,9.784852294921876,9.792382437417302
0.5699049166651093,0.10298583984375001,0.3706292724609375,9.761201477050781,9.768778143472785
0.5798909166696831,0.09250762939453125,0.3769161987304688,9.759554901123048,9.767268571632323
0.5898759166666423,0.09011260986328125,0.3641926574707031,9.743238830566407,9.750459449875631
0.5998609166636015,0.08173004150390625,0.37676651000976563,9.755513305664063,9.763128221002617
0.6098469166681753,0.07798782348632813,0.37556900024414064,9.786349182128907,9.793863613973377
0.6198319166651345,0.07589218139648438,0.3757186889648438,9.785900115966797,9.793404169956101
0.6298179166697082,0.07394622802734375,0.37497024536132817,9.77886474609375,9.786330591796958
0.6398029166666674,0.0772393798828125,0.38889129638671877,9.757159881591797,9.765212302717973
0.6497879166636267,0.1011895751953125,0.3769161987304688,9.762099609375001,9.769897334893196
0.6597739166682004,0.11795471191406251,0.38155654907226566,9.790989532470704,9.799131325742785
0.6697589166651596,0.11166778564453125,0.3698808288574219,9.72572525024414,9.733396794806191
0.6797449166697334,0.09565109252929688,0.3722758483886719,9.791139221191406,9.798680813637528
0.6897299166666926,0.09295669555664063,0.37497024536132817,9.732610931396485,9.740275107721214
0.6997149166636518,0.07813751220703126,0.39113662719726566,9.796977081298829,9.805093230736956
0.7097009166682255,0.08487350463867188,0.3769161987304688,9.7668896484375,9.774528261630362
0.7196859166651848,0.06915618896484375,0.379610595703125,9.79413299560547,9.801730863396015
0.7296719166697585,0.08277786254882813,0.3718267822265625,9.719737701416015,9.727199407580631
0.7396569166667177,0.10313552856445313,0.3561094665527344,9.754764862060547,9.761807640161317
0.749641916663677,0.12379257202148439,0.34727783203125,9.770931243896484,9.777884426933085
0.7596279166682507,0.12034973144531251,0.3704795837402344,9.789941711425781,9.797688395378865
0.7696129166652099,0.12334350585937501,0.38215530395507813,9.774972839355469,9.783217788995387
0.7795989166697836,0.12319381713867188,0.3890409851074219,9.717342681884766,9.725907587564976
0.7895839166667429,0.12199630737304688,0.38559814453125,9.736802215576173,9.745198120783778
0.7995698750019073,0.12618759155273437,0.3754193115234375,9.782756652832031,9.790770689596197
0.8095548749988666,0.10597961425781251,0.3776646423339844,9.736802215576173,9.744700079836042
0.8195398750031018,0.12034973144531251,0.3638932800292969,9.730365600585937,9.737911331398308
0.8295258750003995,0.13142669677734375,0.36254608154296875,9.782606964111329,9.790204883052622
0.8395108749973588,0.12049942016601563,0.3769161987304688,9.794282684326172,9.802273166547504
0.8494968750019325,0.10627899169921876,0.3854484558105469,9.764794006347657,9.772976400389314
0.8594818749988917,0.09385482788085937,0.3692820739746094,9.732161865234376,9.739617679868024
0.8694668750031269,0.0975970458984375,0.3632945251464844,9.780062255859375,9.787294101224031
0.8794528750004247,0.08577163696289063,0.3546125793457031,9.75296859741211,9.75979012670069
0.8894378749973839,0.08397537231445312,0.36060012817382814,9.775870971679687,9.78287981989577
0.8994238750019576,0.0664617919921875,0.38035903930664067,9.772727508544923,9.780352402896725
0.9094088749989169,0.05882766723632813,0.37167709350585937,9.748028869628907,9.755289406234347
0.9193938750031521,0.04415817260742188,0.370030517578125,9.758507080078125,9.765619947554894
0.9293798750004498,0.06825805664062501,0.3742218017578125,9.749376068115234,9.756794290992573
0.9393648749974091,0.05748046875,0.3799099731445313,9.795180816650392,9.802714053916814
0.9493508750019828,0.07469467163085938,0.36254608154296875,9.73380844116211,9.740844199783247
0.959335874998942,0.07768844604492188,0.35865417480468753,9.771829376220703,9.778717588197523
0.9693208750031772,0.08846603393554688,0.3553610229492188,9.70596633911133,9.712872400672932
0.979306875000475,0.10253677368164063,0.36359390258789065,9.782756652832031,9.790048112470412
0.9892918749974342,0.11181747436523438,0.384400634765625,9.78170883178711,9.789897581969058
0.9992778750020079,0.11032058715820313,0.38455032348632817,9.793983306884765,9.802150712919172
1.0092628749989672,0.106578369140625,0.3754193115234375,9.767488403320312,9.775281495549383
1.0192478750032024,0.12049942016601563,0.37616775512695316,9.745633850097656,9.753635293080569
1.0292338750005001,0.1287322998046875,0.36060012817382814,9.753267974853516,9.7607807396107
1.0392188749974594,0.11017089843750001,0.3692820739746094,9.777218170166016,9.784809759215864
1.049204875002033,0.12259506225585938,0.3722758483886719,9.763596496582032,9.77146024935127
1.0591898749989923,0.12244537353515626,0.3811074829101563,9.7573095703125,9.765517182102656
1.0691748750032275,0.10702743530273438,0.37631744384765625,9.733958129882813,9.741817621202074
1.0791608750005253,0.10268646240234376,0.37736526489257816,9.792336730957032,9.800143249216228
1.0891458749974845,0.11151809692382814,0.3902384948730469,9.78649887084961,9.794911052069997
1.0991318750020582,0.09295669555664063,0.40954833984375,9.774673461914062,9.78369112743062
1.1091168749990175,0.08652008056640625,0.36673736572265625,9.771529998779297,9.778792386424929
1.1191018749959767,0.08637039184570312,0.34787658691406254,9.723779296875,9.730383434307479
1.1290878750005504,0.08083190917968751,0.3531156921386719,9.783505096435547,9.790209214391515
1.1390728749975096,0.07858657836914062,0.360450439453125,9.736951904296875,9.743938256998156
1.1490588750020834,0.07679031372070313,0.3698808288574219,9.759255523681642,9.766564234998315
1.1590438749990426,0.0718505859375,0.3579057312011719,9.757608947753907,9.764435026995331
1.1690298749963404,0.08562194824218751,0.3607498168945313,9.77257781982422,9.779608826171449
1.1790148750005756,0.0736468505859375,0.37317398071289065,9.769584045410157,9.776985992565143
1.1889998749975348,0.08008346557617188,0.3806584167480469,9.77257781982422,9.780316530471808
1.1989858750021085,0.0963995361328125,0.38290374755859374,9.763297119140626,9.771278257581281
1.2089708749990677,0.09101074218750001,0.3614982604980469,9.730515289306641,9.737653297533598
1.2189568749963655,0.0987945556640625,0.34368530273437503,9.677076416015625,9.683681526823891
1.2289418750006007,0.10672805786132813,0.3406915283203125,9.733359375000001,9.739904841357768
1.23892687499756,0.08846603393554688,0.36628829956054687,9.741292877197266,9.748578372095565
1.2489128750021337,0.08457412719726563,0.3718267822265625,9.810898132324219,9.81830586719598
1.258897874999093,0.06182144165039063,0.42541534423828126,10.131980438232423,10.141095981524167
1.2688838749963907,0.03188369750976563,0.4439767456054688,9.846224670410157,9.856280849336576
1.2788688750006258,0.058977355957031255,0.4113446044921875,9.52065170288086,9.52971623710427
1.288853874997585,0.13936019897460938,0.3448828125,9.659712524414063,9.66687185565931
1.2988398750021588,0.14519805908203126,0.30386810302734374,9.77407470703125,9.779874982791275
1.308824874999118,0.11256591796875001,0.33799713134765624,9.834099884033204,9.840550476260425
1.3188108749964158,0.101788330078125,0.3632945251464844,9.752369842529298,9.75966502097364
1.328795875000651,0.08397537231445312,0.3932322692871094,9.732610931396485,9.74091366467758
1.3387808749976102,0.07439529418945313,0.39712417602539063,9.667047271728515,9.675486821075987
1.348766875002184,0.08187973022460938,0.35835479736328124,9.783954162597658,9.790857036379755
1.3587518749991432,0.11870315551757814,0.3673361206054688,9.85161346435547,9.859174109209214
1.368737874996441,0.10972183227539063,0.3495231628417969,9.793833618164063,9.800682744692912
1.3787228750006761,0.11570938110351563,0.3561094665527344,9.65761688232422,9.664872811309914
1.3887078749976354,0.1239422607421875,0.360450439453125,9.689500579833984,9.696994776213037
1.398693875002209,0.1285826110839844,0.396375732421875,9.865833892822266,9.874630403710647
1.4086788749991683,0.10867401123046876,0.43185195922851566,9.920021209716797,9.930011427820087
1.418664874996466,0.08098159790039063,0.4260140991210938,9.791139221191406,9.800737384533937
1.4286498750007013,0.08846603393554688,0.3838018798828125,9.75012451171875,9.75807655822502
1.4386348749976605,0.11391311645507814,0.3323089599609375,9.72572525024414,9.732067462066182
1.4486208750022342,0.10163864135742189,0.31644195556640625,9.69788314819336,9.703576839530486
1.4586058749991935,0.056133270263671875,0.32901580810546877,9.678872680664062,9.684625894401854
1.4685918749964912,0.028141479492187503,0.38200561523437504,9.753267974853516,9.760786670255724
1.4785768750007264,0.043559417724609376,0.4101470947265625,9.84113525390625,9.8497746749792
1.4885628749980242,0.03382965087890625,0.40191421508789066,9.823172607421876,9.831449514530998
1.4985478750022594,0.0622705078125,0.3894900512695313,9.773475952148438,9.781432017010852
1.5085328749992186,0.07634124755859376,0.3933819580078125,9.763446807861328,9.771666742214576
1.5185188749965164,0.06511459350585938,0.3634442138671875,9.758507080078125,9.765489851452198
1.5285038750007516,0.08187973022460938,0.35161880493164066,9.752369842529298,9.75905003674426
1.5384898749980493,0.085023193359375,0.326920166015625,9.756112060546876,9.761958219348458
1.5484748750022845,0.06541397094726563,0.36060012817382814,9.744586029052735,9.751475186741944
1.5584598749992438,0.0568817138671875,0.39173538208007813,9.757159881591797,9.765186178147877
1.5684458749965415,0.0736468505859375,0.39847137451171877,9.800419921875001,9.80879370463009
1.5784308750007767,0.10792556762695313,0.3791615295410156,9.82721420288086,9.835118219062483
1.5884168749980745,0.13157638549804687,0.3543132019042969,9.787846069335938,9.795140676237343
1.5984018750023097,0.15358062744140627,0.3448828125,9.704020385742188,9.711361532266379
1.608386874999269,0.18112335205078126,0.3579057312011719,9.699380035400392,9.70767094890471
1.6183728749965667,0.17139358520507814,0.367635498046875,9.770332489013672,9.77874882417734
1.6283578750008019,0.1525328063964844,0.39353164672851565,9.826016693115236,9.835076891788052
1.6383438749980996,0.13921051025390627,0.40775207519531254,9.805808715820312,9.815270036644373
1.6483288750023348,0.10642868041992189,0.4087998962402344,9.782157897949219,9.791274562568054
1.658313874999294,0.12139755249023439,0.39398071289062503,9.755962371826172,9.764668963583382
1.6682998749965918,0.1047821044921875,0.3573069763183594,9.744586029052735,9.751697515938307
1.678284875000827,0.09445358276367188,0.3400927734375,9.755513305664063,9.761896559113392
1.6882708749981248,0.09056167602539063,0.338895263671875,9.752369842529298,9.758676598923579
1.69825587500236,0.07753875732421875,0.35940261840820314,9.744735717773438,9.75166943196166
1.7082408749993192,0.07409591674804687,0.39772293090820315,9.752369842529298,9.760757720593409
1.718226874996617,0.06586303710937501,0.4218228149414063,9.78365478515625,9.792965504992507
1.7282118750008522,0.06376739501953126,0.39053787231445314,9.819580078125,9.827550000945752
1.73819787499815,0.06795867919921875,0.37511993408203126,9.781559143066406,9.78898527000272
1.7481828750023851,0.0449066162109375,0.36539016723632817,9.741292877197266,9.74824668839616
1.7581688749996829,0.0556842041015625,0.33709899902343754,9.73096435546875,9.736960704097166
1.7681538749966421,0.06331832885742188,0.32527359008789064,9.738299102783204,9.743935628607472
1.7781388750008773,0.05912704467773438,0.3480262756347656,9.757459259033203,9.763842967174211
1.788124874998175,0.06301895141601563,0.3715274047851563,9.761800231933595,9.769070977780986
1.798109666669916,0.06825805664062501,0.38694534301757816,9.768087158203125,9.775986527764456
1.8080956666672137,0.08352630615234376,0.39398071289062503,9.785001983642578,9.793286540576583
1.818080666664173,0.11585906982421876,0.36898269653320315,9.775122528076173,9.782770159484672
1.828065666668408,0.13307327270507813,0.3728746032714844,9.770931243896484,9.77894888720796
1.8380516666657059,0.1299298095703125,0.386795654296875,9.756710815429688,9.765239299142678
1.848036666662665,0.13202545166015625,0.3897894287109375,9.76539276123047,9.774060686312179
1.8580226666672388,0.13486953735351564,0.3836521911621094,9.793534240722657,9.801973868568338
1.868007666664198,0.10927276611328125,0.3938310241699219,9.777218170166016,9.785756923204115
1.8779926666684332,0.10747650146484375,0.37781433105468754,9.751920776367188,9.759828568968793
1.887978666665731,0.10223739624023438,0.37601806640625,9.76404556274414,9.771818040814995
1.8979636666626902,0.11121871948242187,0.3634442138671875,9.757010192871094,9.764410335701141
1.907949666667264,0.10972183227539063,0.34667907714843754,9.743687896728517,9.750470711297181
1.9179346666642232,0.11241622924804688,0.35865417480468753,9.747430114746095,9.754673960085096
1.9279196666684584,0.0975970458984375,0.38050872802734376,9.758806457519531,9.76670955597626
1.9379056666657561,0.0868194580078125,0.40430923461914064,9.789642333984375,9.798372344569588
1.9478906666627154,0.086220703125,0.39712417602539063,9.803862762451173,9.812281421046176
1.957876666667289,0.07170089721679689,0.3960763549804688,9.792935485839845,9.801204157013442
1.9678616666642483,0.07424560546875,0.3802093505859375,9.787995758056642,9.795658860941371
1.9778466666684835,0.06541397094726563,0.3610491943359375,9.762249298095703,9.769142586045911
1.9878326666657813,0.08008346557617188,0.35296600341796874,9.738448791503906,9.74517230354453
1.9978176666627405,0.09190887451171875,0.3550616455078125,9.729168090820313,9.736078664059821
2.0078036666673142,0.09310638427734376,0.3588038635253906,9.763895874023438,9.770929927598798
2.0177886666642735,0.0868194580078125,0.37497024536132817,9.780661010742188,9.788231204372295
2.027774666668847,0.08711883544921875,0.386795654296875,9.753567352294922,9.761622645104982
2.0377596666658064,0.10882369995117189,0.39996826171875,9.770332489013672,9.779121338542103
2.0477446666627657,0.11391311645507814,0.3897894287109375,9.794881439208984,9.803296099016695
2.0577306666673394,0.11466156005859375,0.37976028442382814,9.779463500976563,9.787505888320759
2.0677156666642986,0.104183349609375,0.37167709350585937,9.75057357788086,9.758211061964236
2.0777016666688723,0.09295669555664063,0.36823425292968753,9.741292877197266,9.74869346792757
2.0876866666658316,0.10388397216796875,0.37437149047851564,9.746531982421876,9.754272478095382
2.097671666662791,0.092208251953125,0.3674858093261719,9.761051788330079,9.76840213116998
2.1076576666673645,0.08307723999023438,0.365240478515625,9.754315795898439,9.761504959844281
2.1176426666643238,0.08547225952148438,0.37751495361328125,9.748927001953126,9.756608054890803
2.1276286666688975,0.09101074218750001,0.3746708679199219,9.759255523681642,9.766868975827004
2.1376136666658567,0.0844244384765625,0.37736526489257816,9.749825134277344,9.757490567658559
2.147598666662816,0.10792556762695313,0.3637435913085938,9.760003967285156,9.767376043226127
2.1575846666673897,0.08217910766601563,0.3833528137207031,9.776769104003908,9.784627069977155
2.167569666664349,0.086220703125,0.3894900512695313,9.787097625732422,9.795224165137954
2.1775556666689226,0.10044113159179688,0.3788621520996094,9.772428131103515,9.780285094453655
2.187540666665882,0.07574249267578126,0.379610595703125,9.75536361694336,9.763040531942345
2.197525666662841,0.09131011962890626,0.3525169372558594,9.746831359863283,9.753631492250117
2.207511666667415,0.10508148193359376,0.3381468200683594,9.741741943359376,9.748175289805523
2.217496666664374,0.10148895263671875,0.34637969970703125,9.726473693847657,9.73316851908909
2.227482666668948,0.116158447265625,0.3598516845703125,9.750423889160157,9.757753431915788
2.237467666665907,0.12424163818359375,0.37272491455078127,9.772727508544923,9.780621800420262
2.2474526666628662,0.12229568481445313,0.38814285278320315,9.792187042236328,9.800639682124427
2.25743866666744,0.11002120971679688,0.4141886901855469,9.801617431640626,9.810981664130585
2.267423666664399,0.09475296020507813,0.3950285339355469,9.803862762451173,9.812275512390979
2.277409666668973,0.10253677368164063,0.39128631591796875,9.77123062133789,9.779599512574785
2.287394666665932,0.09924362182617188,0.36853363037109377,9.756411437988282,9.763873743576177
2.29738066666323,0.08861572265625,0.3614982604980469,9.734407196044922,9.741520271346571
2.307365666667465,0.08307723999023438,0.35131942749023437,9.733359375000001,9.740051944976313
2.3173506666644244,0.06975494384765625,0.37018020629882814,9.77452377319336,9.781779701570098
2.327336666668998,0.05239105224609375,0.38125717163085937,9.756561126708984,9.764148036182384
2.3373216666659573,0.06750961303710938,0.3745211791992188,9.77886474609375,9.786266876798138
2.347307666663255,0.06511459350585938,0.37556900024414064,9.799671478271485,9.807081781359807
2.3572926666674903,0.06077362060546875,0.39128631591796875,9.782307586669923,9.790318694210423
2.3672776666644495,0.06661148071289062,0.38290374755859374,9.777218170166016,9.784939832021537
2.3772636666690232,0.08128097534179687,0.3688330078125,9.744885406494141,9.752201596065731
2.3872486666659825,0.09774673461914063,0.36643798828125,9.729766845703125,9.737155338964664
2.3972346666632802,0.09131011962890626,0.36000137329101567,9.754465484619141,9.76153345624263
2.4072196666675154,0.10493179321289063,0.3649411010742188,9.773326263427736,9.780700329725192
2.4172046666644746,0.1071771240234375,0.37511993408203126,9.814640350341797,9.822391109471104
2.4271906666690484,0.09849517822265626,0.3902384948730469,9.809101867675782,9.817355388975914
2.4371756666660076,0.10403366088867189,0.40086639404296875,9.747430114746095,9.756224203570252
2.4471616666633054,0.11421249389648438,0.37856277465820315,9.746531982421876,9.754549705265307
2.4571466666675406,0.11645782470703125,0.36209701538085937,9.750872955322267,9.758288787708551
2.4671316666645,0.12723541259765625,0.370030517578125,9.782157897949219,9.789980826057235
2.4771176666690735,0.13082794189453126,0.3597019958496094,9.75865676879883,9.766160115798929
2.4871026666660327,0.11061996459960938,0.3800596618652344,9.750723266601563,9.758754343920652
2.4970886666633305,0.09864486694335937,0.39233413696289066,9.75251953125,9.760906417552286
2.5070736666675657,0.1011895751953125,0.3878434753417969,9.765093383789063,9.773316258344162
2.5170596666648635,0.08068222045898438,0.3737727355957031,9.7668896484375,9.774372055704063
2.5270446666690987,0.08592132568359376,0.3632945251464844,9.766739959716798,9.773872048831901
2.537029666666058,0.07529342651367188,0.3641926574707031,9.729317779541017,9.736422846565604
2.5470156666633557,0.06900650024414062,0.35521133422851564,9.74862762451172,9.755340975610917
2.557000666667591,0.08966354370117188,0.3791615295410156,9.809101867675782,9.816836683320826
2.5669866666648886,0.0676593017578125,0.4025129699707031,9.792636108398439,9.801138526906858
2.576971666669124,0.08472381591796875,0.39472915649414064,9.757159881591797,9.765508598476309
2.586956666666083,0.09250762939453125,0.3668870544433594,9.745035095214844,9.75237780129458
2.596942666663381,0.10642868041992189,0.3511697387695313,9.77452377319336,9.78140901108657
2.606927666667616,0.12124786376953126,0.36434234619140626,9.78170883178711,9.789242772531432
2.6169136666649138,0.10163864135742189,0.389190673828125,9.788145446777344,9.796407049591183
2.626898666669149,0.09145980834960937,0.3933819580078125,9.759405212402344,9.767758410264632
2.636883666666108,0.08337661743164063,0.3754193115234375,9.741741943359376,9.749329587761734
2.646869666663406,0.09744735717773438,0.36134857177734375,9.773625640869142,9.780788666851011
2.656854666667641,0.11211685180664063,0.3691323852539063,9.757010192871094,9.764633982392413
2.666840666664939,0.09445358276367188,0.3725752258300781,9.787546691894532,9.795090812453696
2.676825666669174,0.10193801879882813,0.3814068603515625,9.737251281738281,9.745251411662691
2.6868106666661333,0.08801696777343751,0.3730242919921875,9.747430114746095,9.754962221910004
2.696796666663431,0.101788330078125,0.3703298950195313,9.739646301269532,9.747215764982252
2.7067816666676663,0.10672805786132813,0.3906875610351563,9.806557159423829,9.814916758166072
2.716767666664964,0.08756790161132813,0.4189787292480469,9.78694793701172,9.796303447460826
2.7267526666691992,0.06900650024414062,0.4002676391601563,9.774823150634766,9.783258337906659
2.736738666666497,0.08352630615234376,0.3695814514160156,9.782756652832031,9.790091665637233
2.7467236666634562,0.07798782348632813,0.33724868774414063,9.733359375000001,9.739512487845461
2.7567086666676914,0.0892144775390625,0.3550616455078125,9.737400970458985,9.744280663784725
2.766694666664989,0.08696914672851563,0.36628829956054687,9.765542449951173,9.772796431558165
2.7766796666692244,0.08352630615234376,0.3411405944824219,9.728120269775392,9.734458255713983
2.786665666666522,0.1071771240234375,0.3680845642089844,9.796827392578125,9.804325583245998
2.7966512916682404,0.10987152099609375,0.3769161987304688,9.746382293701172,9.754286513475147
2.8066362916651997,0.10463241577148438,0.40086639404296875,9.798773345947266,9.807527766646892
2.8166222916697734,0.11361373901367187,0.40311172485351565,9.753866729736329,9.762854261222191
2.8266072916667326,0.118553466796875,0.38170623779296875,9.774673461914062,9.782841911403182
2.8365932916640304,0.11930191040039063,0.3691323852539063,9.790690155029298,9.79837258811156
2.8465782916682656,0.12768447875976563,0.3787124633789063,9.76299774169922,9.771174512844336
2.856563291665225,0.12708572387695313,0.38889129638671877,9.769434356689453,9.777997487792833
2.8665492916697985,0.1035845947265625,0.3841012573242188,9.757159881591797,9.765266637377966
2.876534291666758,0.11466156005859375,0.39128631591796875,9.781110076904298,9.789605027318443
2.8865202916640555,0.11121871948242187,0.37676651000976563,9.788295135498048,9.796174981401823
2.8965052916682907,0.10612930297851562,0.3658392333984375,9.747579803466797,9.755019928149714
2.9064912916655885,0.09684860229492188,0.3787124633789063,9.773775329589844,9.781589184533567
2.9164762916698237,0.08876541137695312,0.3597019958496094,9.730664978027344,9.737715632461393
2.926461291666783,0.08801696777343751,0.3658392333984375,9.767638092041016,9.77488308003734
2.9364472916640807,0.07753875732421875,0.37497024536132817,9.766739959716798,9.774242905950445
2.946432291668316,0.05134323120117188,0.38080810546875005,9.761800231933595,9.769359994838949
2.9564182916656137,0.06496490478515625,0.38559814453125,9.77841567993164,9.786231122217208
2.966403291669849,0.053438873291015626,0.39233413696289066,9.744586029052735,9.752627269911159
2.976388291666808,0.0688568115234375,0.38889129638671877,9.776769104003908,9.784742807754524
2.986374291664106,0.0724493408203125,0.3824546813964844,9.748028869628907,9.75579762671541
2.996359291668341,0.08996292114257813,0.36823425292968753,9.736353149414063,9.743729390860377
3.006345291665639,0.08352630615234376,0.35356475830078127,9.73904754638672,9.745821247740642
3.016330291669874,0.11151809692382814,0.35775604248046877,9.756261749267578,9.763455791475398
3.026315291666833,0.12693603515625002,0.3757186889648438,9.787546691894532,9.795577958256176
3.036301291664131,0.11840377807617188,0.39652542114257816,9.775870971679687,9.784625957041207
3.046286291668366,0.12244537353515626,0.3878434753417969,9.755213928222657,9.76368855588167
3.056272291665664,0.13202545166015625,0.3921844482421875,9.793234863281251,9.801973701694799
3.066257291669899,0.14415023803710938,0.38859191894531253,9.784702606201172,9.793476811755658
3.076243291667197,0.15043716430664064,0.3938310241699219,9.773176574707032,9.782265309037863
3.086228291664156,0.13397140502929689,0.3800596618652344,9.762698364257814,9.771011873671265
3.0962132916683913,0.12528945922851564,0.3706292724609375,9.751172332763673,9.759017643669592
3.106199291665689,0.11690689086914063,0.35895355224609377,9.74967544555664,9.756981406536186
3.1161842916626483,0.10687774658203125,0.36658767700195316,9.737850036621094,9.745333894401236
3.126170291667222,0.10103988647460938,0.386795654296875,9.773625640869142,9.78179830627766
3.1361552916641813,0.08292755126953126,0.38080810546875005,9.78649887084961,9.794256068793123
3.1461402916684165,0.0718505859375,0.3854484558105469,9.74144256591797,9.749330042821649
3.1561262916657142,0.05703140258789063,0.3787124633789063,9.760453033447266,9.767963919309366
3.1661112916626735,0.06721023559570313,0.37931121826171876,9.795031127929688,9.802603175339678
3.176097291667247,0.060923309326171876,0.367635498046875,9.761051788330079,9.768162545919537
3.1860822916642064,0.0508941650390625,0.37212615966796875,9.74428665161133,9.751522467979807
3.1960672916684416,0.042361907958984375,0.3622467041015625,9.747430114746095,9.754250921917963
3.2060532916657394,0.0712518310546875,0.36898269653320315,9.743238830566407,9.750483473306675
3.2160382916626986,0.06750961303710938,0.38709503173828125,9.778565368652345,9.786457008563204
3.2260242916672723,0.08053253173828126,0.3737727355957031,9.748328247070313,9.755823653550316
3.2360092916642316,0.09116043090820312,0.3742218017578125,9.77018280029297,9.777771941102676
3.2459952916688053,0.09819580078125001,0.37856277465820315,9.76449462890625,9.772323549063804
3.2559802916657645,0.13037887573242188,0.38934036254882814,9.787546691894532,9.796155103670138
3.2659652916627238,0.1490899658203125,0.3737727355957031,9.792187042236328,9.800452078650457
3.2759512916672975,0.13412109375,0.38200561523437504,9.787696380615236,9.796066414483308
3.2859362916642567,0.15148498535156252,0.3932322692871094,9.770781555175782,9.779864596064657
3.2959222916688304,0.15672409057617187,0.36643798828125,9.752369842529298,9.760510067885667
3.3059072916657897,0.1502874755859375,0.3718267822265625,9.755213928222657,9.763454320407726
3.315892291662749,0.13636642456054687,0.3591032409667969,9.739496612548828,9.747068544196782
3.3258782916673226,0.11990066528320313,0.3592529296875,9.744735717773438,9.752092752136528
3.335863291664282,0.12603790283203126,0.3838018798828125,9.760902099609375,9.769257865063782
3.3458492916688556,0.10208770751953125,0.38889129638671877,9.77257781982422,9.78084534101998
3.355834291665815,0.09505233764648438,0.38889129638671877,9.754615173339845,9.762826873772234
3.365819291662774,0.06840774536132813,0.4022135925292969,9.772877197265625,9.781389681761747
3.3758052916673478,0.07948471069335938,0.3933819580078125,9.783804473876954,9.79203233078684
3.385790291664307,0.06900650024414062,0.38859191894531253,9.793534240722657,9.801483484695195
3.3957762916688807,0.067060546875,0.3757186889648438,9.79607894897461,9.803510821370482
3.40576129166584,0.05014572143554688,0.3746708679199219,9.755662994384766,9.762983832448688
3.4157472916631377,0.045505371093750004,0.36628829956054687,9.742041320800782,9.749031077670395
3.425732291667373,0.05134323120117188,0.36973114013671876,9.755962371826172,9.763100892844706
3.435717291664332,0.05673202514648438,0.38455032348632817,9.764644317626953,9.772378222507303
3.445703291668906,0.06421646118164062,0.37317398071289065,9.771080932617188,9.778415268617046
3.455688291665865,0.07738906860351563,0.3806584167480469,9.773625640869142,9.781341833615427
3.465674291663163,0.0963995361328125,0.3794609069824219,9.767787780761719,9.775631006768437
3.475659291667398,0.10702743530273438,0.38035903930664067,9.743238830566407,9.751247652487695
3.4856442916643573,0.13172607421875002,0.3806584167480469,9.772877197265625,9.781174842609891
3.495630291668931,0.1387614440917969,0.3764671325683594,9.780511322021486,9.78873760811174
3.5056152916658903,0.12364288330078126,0.384400634765625,9.756561126708984,9.764913539289942
3.515601291663188,0.12364288330078126,0.38125717163085937,9.749525756835938,9.757760863882567
3.525586291667423,0.12199630737304688,0.3818559265136719,9.760303344726562,9.768532050861419
3.5355712916643824,0.12020004272460938,0.386795654296875,9.779613189697265,9.787997398270734
3.545557291668956,0.1299298095703125,0.38814285278320315,9.774224395751954,9.782790970275013
3.5555422916659154,0.10972183227539063,0.37392242431640627,9.767937469482423,9.775707609559689
3.565528291663213,0.11106903076171876,0.3872447204589844,9.75057357788086,9.758892350097222
3.5755132916674484,0.10942245483398438,0.38125717163085937,9.754315795898439,9.76237711577747
3.585499291664746,0.11002120971679688,0.3860472106933594,9.782756652832031,9.79098896148908
3.5954842916689813,0.09325607299804688,0.3852987670898438,9.775870971679687,9.783905410928783
3.6054692916659405,0.08158035278320312,0.38814285278320315,9.759255523681642,9.767311738888933
3.6154552916632383,0.06975494384765625,0.37976028442382814,9.752669219970704,9.760309448986792
3.6254402916674735,0.06810836791992188,0.36479141235351564,9.762848052978516,9.769898342861813
3.6354262916647713,0.08936416625976563,0.3603007507324219,9.766440582275392,9.773492939185322
3.6454112916690065,0.06870712280273437,0.35401382446289065,9.750872955322267,9.757539128667117
3.6553962916659657,0.07065307617187501,0.37317398071289065,9.756411437988282,9.763801248712625
3.6653822916632635,0.076640625,0.3770658874511719,9.767937469482423,9.775513023703585
3.6753672916674986,0.08277786254882813,0.37781433105468754,9.785900115966797,9.793540571364241
3.6853532916647964,0.08472381591796875,0.3860472106933594,9.781259765625,9.789241705898483
3.6953382916690316,0.10373428344726562,0.374820556640625,9.78410385131836,9.791830238756464
3.705323291665991,0.11346405029296876,0.38739440917968754,9.760453033447266,9.768796852074594
3.7153092916632886,0.10074050903320313,0.37092864990234375,9.760752410888673,9.768317375072725
3.725294291667524,0.10732681274414063,0.37212615966796875,9.772128753662109,9.779800473506237
3.7352802916648216,0.10328521728515626,0.3673361206054688,9.778715057373047,9.786157153597395
3.7452652916690568,0.104183349609375,0.38559814453125,9.782307586669923,9.790458713442476
3.7552512916663545,0.09774673461914063,0.38095779418945314,9.75970458984375,9.7676259626431
3.7652362916633138,0.09984237670898438,0.3818559265136719,9.760902099609375,9.76887876099193
3.775221291667549,0.0987945556640625,0.3752696228027344,9.746082916259766,9.7538054042839
3.7852072916648467,0.10208770751953125,0.37122802734375004,9.754166107177735,9.761761551826954
3.795191541663371,0.10582992553710938,0.36479141235351564,9.751920776367188,9.759315118193904
3.8051775416679448,0.10283615112304688,0.3864962768554688,9.744735717773438,9.752939498184654
3.815162541664904,0.09924362182617188,0.398770751953125,9.775122528076173,9.783756326073782
3.825147541669139,0.11256591796875001,0.38739440917968754,9.770482177734376,9.77880705912418
3.835133541666437,0.10732681274414063,0.38050872802734376,9.768087158203125,9.776084730969327
3.845118541663396,0.12064910888671876,0.3882925415039063,9.753417663574218,9.76188933687451
3.85510454166797,0.12124786376953126,0.3745211791992188,9.750723266601563,9.758666475496666
3.865089541664929,0.11121871948242187,0.36209701538085937,9.755513305664063,9.762864523750169
3.875075541669503,0.11121871948242187,0.35715728759765625,9.768685913085937,9.77584550819882
3.885060541666462,0.10867401123046876,0.3715274047851563,9.754615173339845,9.762292754941088
3.8950455416634213,0.10463241577148438,0.3908372497558594,9.771080932617188,9.779454191823902
3.905031541667995,0.08322692871093751,0.38215530395507813,9.767937469482423,9.77576451259554
3.9150165416649543,0.09490264892578125,0.3826043701171875,9.773925018310548,9.781871133906986
3.925002541669528,0.08607101440429688,0.3784130859375,9.770781555175782,9.77848540838982
3.9349875416664872,0.10373428344726562,0.3737727355957031,9.76539276123047,9.77309381109838
3.9449725416634465,0.08936416625976563,0.3644920349121094,9.787546691894532,9.794738926778052
3.95495854166802,0.06346801757812501,0.37092864990234375,9.763446807861328,9.770696486050072
3.9649435416649794,0.0700543212890625,0.37901184082031253,9.757908325195313,9.765517521684618
3.974929541669553,0.06810836791992188,0.3788621520996094,9.774823150634766,9.782399649690236
3.9849145416665124,0.05837860107421875,0.3852987670898438,9.769883422851564,9.7776523407766
3.9948995416634716,0.0712518310546875,0.3836521911621094,9.748477935791016,9.756284533151767
4.004885541668045,0.08038284301757813,0.38470001220703126,9.7668896484375,9.774793547978355
4.014870541665005,0.08876541137695312,0.38290374755859374,9.758806457519531,9.766718899071286
4.024856541669578,0.0892144775390625,0.3782633972167969,9.755213928222657,9.762952484062692
4.0348415416665375,0.10582992553710938,0.38125717163085937,9.76254867553711,9.770563629918723
4.044827541663835,0.113763427734375,0.3802093505859375,9.767189025878906,9.7752484743362
4.0548125416680705,0.10568023681640626,0.36973114013671876,9.769584045410157,9.777148963208706
4.06479754166503,0.10582992553710938,0.3884422302246094,9.770931243896484,9.779222091368698
4.074783541669603,0.11795471191406251,0.37931121826171876,9.768685913085937,9.776758909929484
4.084768541666563,0.11211685180664063,0.3722758483886719,9.766141204833986,9.773877098086958
4.09475454166386,0.11960128784179688,0.37856277465820315,9.760602722167969,9.768673387026668
4.104739541668096,0.11600875854492188,0.38290374755859374,9.769434356689453,9.777623482299665
4.114724541665055,0.11840377807617188,0.3754193115234375,9.767488403320312,9.775417577941324
4.124710541669629,0.13157638549804687,0.38155654907226566,9.753567352294922,9.761914455736337
4.134695541666588,0.12543914794921876,0.3784130859375,9.763446807861328,9.771582523490478
4.144681541663886,0.1299298095703125,0.37601806640625,9.764644317626953,9.772745263816264
4.154666541668121,0.11361373901367187,0.3826043701171875,9.761949920654297,9.770105446671899
4.1646525416654185,0.09205856323242188,0.37736526489257816,9.764344940185547,9.772067920002344
4.174637541669654,0.09340576171875001,0.37362304687500003,9.763596496582032,9.771189045635507
4.184622541666613,0.07589218139648438,0.38350250244140627,9.765243072509767,9.773065335797972
4.194608541663911,0.07020401000976563,0.37751495361328125,9.741741943359376,9.749306756597127
4.204593541668146,0.06631210327148437,0.37437149047851564,9.75686050415039,9.764265369467035
4.214579541665444,0.06361770629882812,0.3706292724609375,9.760602722167969,9.767844120897529
4.224564541669679,0.060474243164062504,0.384400634765625,9.756561126708984,9.764317999804357
4.234549541666638,0.05912704467773438,0.3576063537597656,9.762848052978516,9.769574218828991
4.244535541663936,0.05403762817382813,0.37272491455078127,9.7573095703125,9.76457546328039
4.254520541668171,0.07200027465820313,0.3842509460449219,9.768236846923829,9.7760566654806
4.264506541665469,0.08083190917968751,0.3802093505859375,9.755962371826172,9.763702921960641
4.274491541669704,0.08352630615234376,0.37601806640625,9.771380310058595,9.778969239847529
4.284477541667002,0.09804611206054688,0.37616775512695316,9.7716796875,9.779408935880918
4.294462541663961,0.111368408203125,0.37931121826171876,9.773176574707032,9.78116865630315
4.304447541668196,0.10837463378906251,0.39008880615234376,9.779613189697265,9.787990012154436
4.314433541665494,0.11870315551757814,0.3929328918457031,9.757010192871094,9.765640511528902
4.324418541669729,0.14385086059570312,0.37901184082031253,9.752669219970704,9.761091125470559
4.334404541667027,0.1477427673339844,0.37077896118164066,9.755064239501953,9.763226069295142
4.344389541663986,0.14609619140625002,0.36703674316406254,9.747579803466797,9.755581586606187
4.354374541668221,0.1293310546875,0.377215576171875,9.755662994384766,9.76380963418591
4.364360541665519,0.135318603515625,0.3787124633789063,9.754465484619141,9.762752232080976
4.374345541669754,0.11570938110351563,0.3782633972167969,9.749525756835938,9.757547045326337
4.384331541667052,0.09774673461914063,0.3929328918457031,9.784852294921876,9.793226491563486
4.394316541664011,0.09445358276367188,0.3948788452148438,9.79607894897461,9.804489459234407
4.404302541668585,0.07589218139648438,0.3933819580078125,9.77886474609375,9.787068238777044
4.414287541665544,0.07708969116210938,0.3860472106933594,9.7573095703125,9.765247837115018
4.4242725416697795,0.06825805664062501,0.3788621520996094,9.76299774169922,9.770584455241865
4.434258541667077,0.07903564453125,0.3706292724609375,9.755962371826172,9.763319849887104
4.4442435416640365,0.06631210327148437,0.3637435913085938,9.748028869628907,9.755038366832649
4.45422954166861,0.06541397094726563,0.35521133422851564,9.741891632080078,9.748584853749355
4.464214541665569,0.0640667724609375,0.36060012817382814,9.747879180908203,9.754757071775602
4.474199541669805,0.0688568115234375,0.36284545898437504,9.765093383789063,9.772074850394857
4.484185541667102,0.07065307617187501,0.37901184082031253,9.775272216796875,9.78287221347266
4.494170541664062,0.07604187011718751,0.3918850708007813,9.772877197265625,9.781026785954626
4.504156541668635,0.08562194824218751,0.3875440979003906,9.774673461914062,9.78272778078207
4.514141541665595,0.09924362182617188,0.3842509460449219,9.786648559570313,9.794691833567265
4.524127541662892,0.11960128784179688,0.38589752197265625,9.773176574707032,9.781523486958477
4.5341125416671275,0.12079879760742188,0.38215530395507813,9.761650543212891,9.76987494053291
4.544097541664087,0.11840377807617188,0.38170623779296875,9.749226379394532,9.757414314423418
4.5540835416686605,0.12005035400390626,0.3742218017578125,9.756411437988282,9.764323744720672
4.56406854166562,0.1047821044921875,0.38050872802734376,9.770332489013672,9.778300625742844
4.5740545416629175,0.10927276611328125,0.3824546813964844,9.754315795898439,9.762422279682944
4.584039541667153,0.10568023681640626,0.38934036254882814,9.762698364257814,9.771030323453378
4.594024541664112,0.09894424438476564,0.3894900512695313,9.757159881591797,9.765431962718251
4.604010541668686,0.09610015869140626,0.3932322692871094,9.773176574707032,9.781556482406645
4.613995541665645,0.09535171508789063,0.374820556640625,9.764943695068359,9.77259984687319
4.623981541662943,0.09250762939453125,0.3758683776855469,9.745633850097656,9.753318093808355
4.633966541667178,0.09175918579101563,0.37511993408203126,9.74428665161133,9.751936067360853
4.643952541664476,0.09744735717773438,0.3649411010742188,9.743987274169923,9.751305860953167
4.653937541668711,0.07873626708984376,0.3634442138671875,9.753417663574218,9.76050445502026
4.66392254166567,0.080233154296875,0.3770658874511719,9.752369842529298,9.759986351834858
4.673908541662968,0.0844244384765625,0.3776646423339844,9.77018280029297,9.777843832820297
4.683893541667203,0.08936416625976563,0.3848497009277344,9.758357391357423,9.766352145196052
4.693879541664501,0.08562194824218751,0.3920347595214844,9.780062255859375,9.788290969274414
4.703864541668736,0.08861572265625,0.3914360046386719,9.773925018310548,9.78216157889381
4.713849541665695,0.08966354370117188,0.386795654296875,9.778565368652345,9.786623069182697
4.723835541662993,0.113763427734375,0.3824546813964844,9.769883422851564,9.778028216206053
4.733820541667228,0.10762619018554688,0.38170623779296875,9.761500854492189,9.76955382712208
4.743806541664526,0.1119671630859375,0.3733236694335938,9.734556884765626,9.74235623196497
4.753791541668761,0.10148895263671875,0.38050872802734376,9.762848052978516,9.770787532494946
4.763777541666059,0.10523117065429688,0.3649411010742188,9.763596496582032,9.770981125485786
4.773762541663018,0.10343490600585938,0.3824546813964844,9.752070465087892,9.760115200095852
4.783747541667253,0.08831634521484376,0.39008880615234376,9.773326263427736,9.781506801353451
4.793733541664551,0.09984237670898438,0.39787261962890624,9.783056030273437,9.791652384204962
4.803718750001281,0.08816665649414063,0.3826043701171875,9.773475952148438,9.781359396861662
4.813704749998578,0.10163864135742189,0.365240478515625,9.761800231933595,9.769159369605049
4.8236897500028135,0.11047027587890626,0.3782633972167969,9.753717041015625,9.761674190205559
4.833674749999773,0.12020004272460938,0.3746708679199219,9.754166107177735,9.76209930066037
4.8436607499970705,0.11032058715820313,0.3603007507324219,9.750723266601563,9.758001408319961
4.853645750001306,0.08726852416992188,0.35895355224609377,9.750423889160157,9.757419201114912
4.8636317499986035,0.09595046997070313,0.3730242919921875,9.751621398925781,9.759225047261237
4.873616750002839,0.10343490600585938,0.3818559265136719,9.766141204833986,9.774150948350975
4.883602750000136,0.07858657836914062,0.3836521911621094,9.773775329589844,9.781617915630436
4.893587749997096,0.09250762939453125,0.3884422302246094,9.776769104003908,9.784919986424184
4.903572750001331,0.10433303833007813,0.3902384948730469,9.779164123535157,9.7875033803726
4.913558749998629,0.10867401123046876,0.37811370849609377,9.763746185302734,9.771669232443518
4.923543750002864,0.12334350585937501,0.38395156860351565,9.77886474609375,9.787176720069276
4.933529750000162,0.11106903076171876,0.3734733581542969,9.758806457519531,9.766581907411124
4.943514749997121,0.11735595703125,0.37901184082031253,9.762398986816407,9.770458350247788
4.953499750001356,0.10463241577148438,0.37931121826171876,9.766440582275392,9.774363743479421
4.963485749998654,0.10328521728515626,0.3948788452148438,9.765991516113282,9.77451724799258
4.973470750002889,0.07634124755859376,0.3770658874511719,9.763297119140626,9.770873927452845
4.983456750000187,0.08906478881835939,0.3806584167480469,9.758207702636719,9.76603557922287
4.993441749997146,0.07020401000976563,0.3864962768554688,9.765542449951173,9.7734398917087
5.00342775000172,0.06945556640625,0.38769378662109377,9.770482177734376,9.778417690675445
5.013412749998679,0.06960525512695313,0.3730242919921875,9.768087158203125,9.775454912392075
5.023397750002914,0.054935760498046875,0.3860472106933594,9.749076690673828,9.756871768518092
5.033383750000212,0.07334747314453126,0.3728746032714844,9.759255523681642,9.766651611381056
5.043368749997171,0.07933502197265625,0.37137771606445313,9.747729492187501,9.755124074380738
5.053354750001745,0.07020401000976563,0.3619473266601563,9.75251953125,9.759486240459106
5.063339749998704,0.08637039184570312,0.37556900024414064,9.76015365600586,9.767758765826299
5.073324750002939,0.08996292114257813,0.37661682128906254,9.755213928222657,9.76289569454922
5.083310750000237,0.08786727905273438,0.37167709350585937,9.771829376220703,9.779290049821357
5.093295749997196,0.09445358276367188,0.38275405883789065,9.775721282958985,9.783667448914596
5.10328175000177,0.10672805786132813,0.37362304687500003,9.787247314453126,9.794957634097297
5.113266749998729,0.1191522216796875,0.38035903930664067,9.77407470703125,9.782198455835044
5.123252749996027,0.13247451782226563,0.38320312500000003,9.761949920654297,9.770366440735192
5.133237750000262,0.124541015625,0.3734733581542969,9.749825134277344,9.757770388916219
5.143222749997221,0.125738525390625,0.3784130859375,9.772128753662109,9.78026109153155
5.153208750001795,0.13397140502929689,0.38589752197265625,9.765243072509767,9.773783172345812
5.163193749998754,0.11585906982421876,0.3872447204589844,9.768536224365235,9.776895302923096
5.173179749996052,0.09864486694335937,0.3818559265136719,9.777966613769532,9.78591722110807
5.183164750000287,0.10148895263671875,0.37901184082031253,9.78649887084961,9.794361139560353
5.193150749997585,0.085023193359375,0.38455032348632817,9.761650543212891,9.769592070424999
5.20313575000182,0.07559280395507813,0.3752696228027344,9.745933227539062,9.753448417737095
5.2131207499987795,0.06840774536132813,0.3592529296875,9.730215911865235,9.737086010641473
5.223106749996077,0.07813751220703126,0.3691323852539063,9.73425750732422,9.741567297286155
5.2330917500003125,0.08367599487304687,0.38170623779296875,9.765692138671875,9.773507265634263
5.24307774999761,0.08187973022460938,0.3823049926757813,9.78649887084961,9.79430556735837
5.253062750001845,0.08577163696289063,0.3875440979003906,9.789492645263673,9.797536090936143
5.263047749998805,0.08083190917968751,0.3794609069824219,9.75012451171875,9.757840558826956
5.273033749996102,0.0748443603515625,0.39353164672851565,9.74533447265625,9.753564108529536
5.283018750000338,0.09445358276367188,0.38155654907226566,9.760752410888673,9.768663905883232
5.293004749997635,0.101788330078125,0.3680845642089844,9.768386535644531,9.77584894627113
5.302989750001871,0.11406280517578125,0.3710783386230469,9.787247314453126,9.794943565492847
5.312975749999168,0.11466156005859375,0.38125717163085937,9.767189025878906,9.775299779112883
5.322960749996128,0.10074050903320313,0.3875440979003906,9.759105834960938,9.76731722511081
5.332945750000363,0.1293310546875,0.38709503173828125,9.760602722167969,9.76913172115597
5.3429317499976605,0.13486953735351564,0.38095779418945314,9.777816925048828,9.786164849052511
5.352916750001896,0.13486953735351564,0.37901184082031253,9.76584182739258,9.774124327285712
5.3629027499991935,0.1239422607421875,0.3864962768554688,9.756710815429688,9.765149614416755
5.372887749996153,0.12214599609375,0.3896397399902344,9.759105834960938,9.767644827147945
5.382872750000388,0.10582992553710938,0.38050872802734376,9.771829376220703,9.779807575980934
5.392858749997686,0.10612930297851562,0.3788621520996094,9.77407470703125,9.781990407778586
5.402843750001921,0.08756790161132813,0.3909869384765625,9.750872955322267,9.75910151162939
5.412829749999219,0.08547225952148438,0.379610595703125,9.76015365600586,9.76790709929012
5.422814749996178,0.08307723999023438,0.3674858093261719,9.759105834960938,9.766375701652539
5.432800750000752,0.07649093627929687,0.35895355224609377,9.754166107177735,9.761068330998294
5.442785749997711,0.07858657836914062,0.3576063537597656,9.741891632080078,9.748769703185165
5.452770750001946,0.0568817138671875,0.38170623779296875,9.739795989990235,9.747438694753221
5.462756749999244,0.048648834228515625,0.39398071289062503,9.757908325195313,9.765979848131861
5.472741749996203,0.05673202514648438,0.3794609069824219,9.79997085571289,9.807478670658794
5.482727750000777,0.05239105224609375,0.3802093505859375,9.800719299316407,9.808231377604299
5.492712749997736,0.06391708374023437,0.38155654907226566,9.755962371826172,9.763630093065895
5.50269875000231,0.06975494384765625,0.37137771606445313,9.721983032226563,9.729323781182412
5.512683749999269,0.09684860229492188,0.3637435913085938,9.734856262207032,9.742130952610728
5.522668749996228,0.1197509765625,0.3448828125,9.78170883178711,9.788519403904123
5.532654750000802,0.11555969238281251,0.3637435913085938,9.787696380615236,9.795134704629143
5.542639749997761,0.08547225952148438,0.4052073669433594,9.77841567993164,9.787180989789954
5.552625750002335,0.09819580078125001,0.4053570556640625,9.770033111572266,9.77893162666997
5.562610749999294,0.12648696899414064,0.39517822265625,9.784403228759766,9.793197196214912
5.572595749996253,0.13906082153320312,0.3646417236328125,9.787696380615236,9.795473543316218
5.582581750000827,0.13382171630859377,0.3692820739746094,9.752070465087892,9.759977246794909
5.592566749997786,0.12259506225585938,0.3661386108398438,9.742939453125,9.750587480705814
5.60255275000236,0.13367202758789062,0.3626957702636719,9.725575561523438,9.733254154476217
5.612537749999319,0.13322296142578124,0.3619473266601563,9.767638092041016,9.775249772860954
5.622523749996617,0.11750564575195313,0.3737727355957031,9.773176574707032,9.78102724641234
5.632508750000852,0.09954299926757813,0.3956272888183594,9.765692138671875,9.774209569457708
5.642493749997811,0.07559280395507813,0.39951919555664067,9.770631866455078,9.779088757620286
5.652479750002385,0.07334747314453126,0.3718267822265625,9.770931243896484,9.778278600078346
5.662464749999344,0.094603271484375,0.36553985595703126,9.776769104003908,9.784057608082344
5.672450749996642,0.07095245361328126,0.3634442138671875,9.739496612548828,9.746533753756633
5.682435750000877,0.054187316894531254,0.3715274047851563,9.746382293701172,9.753611469234889
5.692421749998175,0.0449066162109375,0.37616775512695316,9.758806457519531,9.766156985196464
5.70240675000241,0.0676593017578125,0.38455032348632817,9.779463500976563,9.787255136111481
5.7123917499993695,0.06855743408203126,0.36404296875000003,9.801767120361328,9.808764758452545
5.722377749996667,0.06825805664062501,0.36539016723632817,9.772128753662109,9.779195749894729
5.7323627500009025,0.07888595581054687,0.3799099731445313,9.746981048583985,9.754701130387039
5.7423487499982,0.07753875732421875,0.374820556640625,9.757608947753907,9.76511316298254
5.752333750002435,0.08906478881835939,0.37437149047851564,9.771529998779297,9.779104512506965
5.762318749999395,0.09580078125000001,0.36823425292968753,9.777816925048828,9.785217323825266
5.772304749996692,0.09101074218750001,0.39577697753906255,9.756561126708984,9.76500933897927
5.782289750000928,0.10298583984375001,0.39308258056640627,9.759255523681642,9.767711521890053
5.792275749998225,0.10747650146484375,0.3933819580078125,9.766141204833986,9.77465163553205
5.8022615000008955,0.1273851013183594,0.3740721130371094,9.765093383789063,9.77308578208085
5.812247499998193,0.1239422607421875,0.36658767700195316,9.730664978027344,9.7383565925435
5.822232500002428,0.1395098876953125,0.35161880493164066,9.740394744873047,9.747737613348894
5.832217499999388,0.12963043212890626,0.374820556640625,9.748328247070313,9.756392679225415
5.842203499996685,0.10942245483398438,0.39008880615234376,9.762698364257814,9.771101365853772
5.852188500000921,0.11900253295898439,0.39817199707031253,9.78170883178711,9.79053268274835
5.862174499998218,0.1119671630859375,0.40505767822265626,9.79173797607422,9.80075206095893
5.872159500002454,0.09654922485351564,0.3968247985839844,9.790690155029298,9.799204324095841
5.882144499999413,0.09744735717773438,0.3948788452148438,9.78021194458008,9.788665433588278
5.892130499996711,0.09550140380859376,0.374820556640625,9.760602722167969,9.768263738648878
5.902115500000946,0.10523117065429688,0.34937347412109376,9.75865676879883,9.765475787431964
5.9121014999982435,0.10268646240234376,0.3489244079589844,9.732311553955078,9.739105756447957
5.922086500002479,0.101788330078125,0.36284545898437504,9.723479919433593,9.730780001360321
5.9320724999997765,0.08547225952148438,0.3823049926757813,9.761800231933595,9.769657434257935
5.942057499996736,0.08217910766601563,0.3814068603515625,9.7860498046875,9.79382434898055
5.952042500000971,0.07738906860351563,0.40191421508789066,9.78365478515625,9.792212470087637
5.962028499998269,0.0712518310546875,0.3929328918457031,9.764195251464844,9.772358056766622
5.972013500002504,0.08756790161132813,0.39128631591796875,9.773775329589844,9.781996591275032
5.981999499999802,0.08457412719726563,0.3742218017578125,9.754016418457033,9.761558842286995
5.991984499996761,0.08382568359375,0.37212615966796875,9.759405212402344,9.766856952152274
6.001970500001335,0.08592132568359376,0.3598516845703125,9.756710815429688,9.763722734951969
6.011955499998294,0.09729766845703125,0.37781433105468754,9.73380844116211,9.741623954673893
6.021940500002529,0.08996292114257813,0.37856277465820315,9.769134979248047,9.77688096195843
6.031926499999827,0.08187973022460938,0.38155654907226566,9.762698364257814,9.77049482072652
6.041911499996786,0.08098159790039063,0.39008880615234376,9.782008209228517,9.790118073920148
6.05189750000136,0.09819580078125001,0.3838018798828125,9.756112060546876,9.764152233360603
6.061882499998319,0.08876541137695312,0.37736526489257816,9.757908325195313,9.765605906666536
6.071868500002893,0.09729766845703125,0.3661386108398438,9.736652526855469,9.744020050644185
6.081853499999852,0.10148895263671875,0.36658767700195316,9.750274200439454,9.757690993067584
6.091838499996811,0.11570938110351563,0.3791615295410156,9.782606964111329,9.790635890514912
6.101824500001385,0.13007949829101564,0.3674858093261719,9.769134979248047,9.776909774499277
6.111809499998344,0.12843292236328124,0.37511993408203126,9.747879180908203,9.755939652646282
6.121795500002918,0.15477813720703126,0.370030517578125,9.755513305664063,9.763755359116951
6.131780499999877,0.15911911010742188,0.36539016723632817,9.744735717773438,9.75288178308154
6.141765499996836,0.14938934326171877,0.36823425292968753,9.782606964111329,9.79067478038109
6.15175150000141,0.1435514831542969,0.3998185729980469,9.763297119140626,9.772534602458547
6.161736499998369,0.14474899291992188,0.40655456542968754,9.752669219970704,9.762212648769081
6.171722500002943,0.1149609375,0.3974235534667969,9.778565368652345,9.787313327313477
6.181707499999902,0.10553054809570313,0.39547760009765626,9.796977081298829,9.805523910544245
6.1916934999972,0.09789642333984376,0.38095779418945314,9.782606964111329,9.790511302528376
6.201678500001435,0.10388397216796875,0.374820556640625,9.761051788330079,9.768797998925743
6.211663499998394,0.085023193359375,0.3745211791992188,9.761051788330079,9.76860415164519
6.221649500002968,0.0700543212890625,0.34084121704101566,9.727970581054688,9.734191901181667
6.231634499999927,0.05164260864257813,0.35835479736328124,9.756411437988282,9.763127022994695
6.241620499997225,0.0437091064453125,0.37631744384765625,9.78170883178711,9.789042495279721
6.25160550000146,0.03906875610351563,0.37676651000976563,9.772128753662109,9.779467252816904
6.261591499998758,0.030087432861328128,0.3841012573242188,9.771380310058595,9.778972962090396
6.271576500002993,0.04026626586914063,0.3661386108398438,9.763746185302734,9.770691808952346
6.2815614999999525,0.05194198608398438,0.3814068603515625,9.781110076904298,9.788681397387515
6.29154749999725,0.06331832885742188,0.38589752197265625,9.763147430419922,9.770976095372921
6.3015325000014855,0.089813232421875,0.374820556640625,9.783056030273437,9.790645645608256
6.311518499998783,0.09101074218750001,0.37317398071289065,9.745184783935548,9.752751829515788
6.321503500003018,0.10463241577148438,0.37362304687500003,9.749974822998047,9.757691897814878
6.331489500000316,0.11930191040039063,0.37901184082031253,9.783205718994141,9.791271473177876
6.341474499997275,0.12499008178710938,0.3945794677734375,9.785001983642578,9.793752054081352
6.351459500001511,0.14220428466796875,0.3842509460449219,9.757159881591797,9.765758537003604
6.361445499998808,0.13846206665039062,0.3890409851074219,9.731114044189454,9.739871927957559
6.371430500003044,0.14998809814453126,0.38155654907226566,9.798623657226562,9.807196714947906
6.381416500000341,0.16570541381835938,0.3842509460449219,9.757908325195313,9.766876775951518
6.391401499997301,0.1478924560546875,0.3909869384765625,9.800719299316407,9.809630051567197
6.401386500001536,0.13711486816406251,0.39622604370117187,9.744436340332031,9.75345247364041
6.4113724999988335,0.12409194946289064,0.3588038635253906,9.753417663574218,9.760804021417693
6.421357500003069,0.12349319458007812,0.35745666503906254,9.74862762451172,9.755960557417268
6.4313435000003665,0.11466156005859375,0.3683839416503906,9.772278442382813,9.779891612757313
6.441328499997326,0.10433303833007813,0.3686833190917969,9.745933227539062,9.7534623210588
6.451314500001899,0.08457412719726563,0.36643798828125,9.750723266601563,9.757972832719501
6.461299499998859,0.06376739501953126,0.3691323852539063,9.793983306884765,9.801144525719854
6.471284500003094,0.06601272583007813,0.40116577148437504,9.782457275390625,9.790902001400339
6.481270500000392,0.06691085815429688,0.4076023864746094,9.79607894897461,9.804783503114296
6.491255499997351,0.0622705078125,0.3838018798828125,9.797426147460937,9.805138480108074
6.501241500001925,0.0622705078125,0.3791615295410156,9.75581268310547,9.76337657726407
6.511226499998884,0.07514373779296875,0.3523672485351563,9.708960113525391,9.715642837465605
6.521212499996182,0.07110214233398438,0.35700759887695316,9.776619415283204,9.783393947480233
6.531197500000417,0.07035369873046875,0.36598892211914064,9.789642333984375,9.796733872131979
6.541182499997376,0.06541397094726563,0.3860472106933594,9.759255523681642,9.767107033968136
6.55116850000195,0.05194198608398438,0.3860472106933594,9.737550659179687,9.745338539983782
6.561153499998909,0.08472381591796875,0.3674858093261719,9.726922760009765,9.734230854270706
6.571139499996207,0.11451187133789063,0.37437149047851564,9.740843811035157,9.748707869894467
6.581124500000442,0.12424163818359375,0.3688330078125,9.77452377319336,9.782269101033396
6.59111049999774,0.1285826110839844,0.379610595703125,9.801617431640626,9.809808457278084
6.601095500001975,0.1275347900390625,0.38574783325195316,9.798773345947266,9.807192544187938
6.611080499998934,0.11121871948242187,0.41164398193359375,9.772128753662109,9.781427337028846
6.621066499996232,0.12244537353515626,0.40894958496093753,9.769883422851564,9.779205219681693
6.631051500000467,0.11720626831054688,0.367635498046875,9.777667236328126,9.785278215417279
6.641037499997765,0.10822494506835938,0.367635498046875,9.750274200439454,9.75780279990913
6.651022500002,0.10538085937500001,0.3454815673828125,9.752070465087892,9.75875714396887
6.661007499998959,0.09804611206054688,0.3465293884277344,9.720635833740236,9.727304697054011
6.670993499996257,0.111368408203125,0.3502716064453125,9.726773071289063,9.733714989713924
6.680978500000492,0.10702743530273438,0.3553610229492188,9.754764862060547,9.761822260348223
6.69096449999779,0.080233154296875,0.3941304016113281,9.789342956542969,9.797602342070235
6.700949500002025,0.089813232421875,0.41433837890625,9.834848327636719,9.843982138168045
6.710935499999323,0.09804611206054688,0.39772293090820315,9.823771362304688,9.832307986871552
6.720920499996282,0.07499404907226563,0.39158569335937504,9.733359375000001,9.741521861882793
6.730906500000856,0.08352630615234376,0.3661386108398438,9.7716796875,9.778893497797554
6.740891499997815,0.06915618896484375,0.34203872680664066,9.76733871459961,9.773570413867391
6.75087650000205,0.06496490478515625,0.35401382446289065,9.742340698242188,9.748987050324288
6.760862499999348,0.08577163696289063,0.3496728515625,9.729916534423829,9.736575560415549
6.770847499996307,0.11735595703125,0.3561094665527344,9.730215911865235,9.737437448545412
6.780833500000881,0.11735595703125,0.3740721130371094,9.733509063720703,9.741401390967106
6.79081849999784,0.13561798095703126,0.398770751953125,9.764344940185547,9.773425318704758
6.800802874997316,0.12469070434570313,0.40655456542968754,9.847422180175782,9.85659971699368
6.81078887500189,0.10807525634765626,0.3918850708007813,9.7956298828125,9.804061350828054
6.820773874998849,0.09355545043945312,0.37631744384765625,9.73425750732422,9.741978067094427
6.830759874996147,0.09654922485351564,0.3770658874511719,9.72422836303711,9.732015089013917
6.840744875000382,0.09205856323242188,0.3704795837402344,9.767039337158204,9.774496780634209
6.85073087499768,0.08816665649414063,0.36898269653320315,9.789342956542969,9.796691130707128
6.860715875001915,0.0814306640625,0.37556900024414064,9.766440582275392,9.7739983974886
6.8707008749988745,0.09595046997070313,0.3668870544433594,9.761201477050781,9.768565241578932
6.880686874996172,0.09385482788085937,0.36643798828125,9.755513305664063,9.762844123766431
6.8906718750004075,0.08187973022460938,0.3769161987304688,9.74862762451172,9.75625495118286
6.900657874997705,0.09355545043945312,0.37272491455078127,9.75686050415039,9.76442539946328
6.91064287500194,0.094603271484375,0.36703674316406254,9.721533966064454,9.72892020746151
6.920628874999238,0.10328521728515626,0.365240478515625,9.774374084472656,9.781741009987263
6.930613874996197,0.08711883544921875,0.38395156860351565,9.77018280029297,9.778112315251022
6.940598875000433,0.06451583862304688,0.4101470947265625,9.771080932617188,9.779898032418389
6.95058487499773,0.06915618896484375,0.39577697753906255,9.77257781982422,9.780833258927503
6.960569875001966,0.05957611083984375,0.3646417236328125,9.780960388183594,9.78793640226648
6.970555874999263,0.058528289794921876,0.3459306335449219,9.737999725341798,9.744317945073838
6.9805408749962226,0.080233154296875,0.34563125610351564,9.76539276123047,9.771836782577601
6.990526875000796,0.07798782348632813,0.3573069763183594,9.73425750732422,9.741125170884308
7.0005118749977555,0.06930587768554688,0.3784130859375,9.750872955322267,9.758459056589093
7.010496875001991,0.08173004150390625,0.3968247985839844,9.750274200439454,9.758688267600862
7.0204828749992885,0.07394622802734375,0.39008880615234376,9.770631866455078,9.778695434009196
7.030467874996248,0.06331832885742188,0.3948788452148438,9.821076965332031,9.829216208434064
7.040453875000821,0.06810836791992188,0.379610595703125,9.795779571533204,9.803368827511186
7.050438874997781,0.09340576171875001,0.3492237854003906,9.788295135498048,9.79496827704033
7.060424875002354,0.12064910888671876,0.34129028320312504,9.69878128051758,9.705534173460121
7.070409874999314,0.12528945922851564,0.35131942749023437,9.708211669921875,9.715374239664323
7.080394874996273,0.14205459594726563,0.36404296875000003,9.72707244873047,9.734918860174307
7.090380875000847,0.1598675537109375,0.37676651000976563,9.768386535644531,9.776956896067192
7.100365874997806,0.15702346801757813,0.39113662719726566,9.782157897949219,9.791233700155145
7.1103518750023795,0.16735198974609375,0.3980223083496094,9.789642333984375,9.799159426897543
7.120336874999339,0.17797988891601563,0.39772293090820315,9.796378326416017,9.80606387318083
7.1303228749966365,0.1525328063964844,0.39966888427734376,9.777816925048828,9.787170443690965
7.140307875000872,0.1477427673339844,0.3890409851074219,9.78170883178711,9.790557107910399
7.150292874997831,0.14594650268554688,0.3784130859375,9.770931243896484,9.779345285764656
7.160278875002405,0.13621673583984376,0.35221755981445313,9.74428665161133,9.751601640619619
7.170263874999364,0.1275347900390625,0.3534150695800781,9.734706573486328,9.74195459884486
7.180249874996662,0.080233154296875,0.35221755981445313,9.761500854492189,9.768182712293102
7.190234875000897,0.07349716186523438,0.36479141235351564,9.775122528076173,9.782202975109003
7.200220874998195,0.037571868896484374,0.3745211791992188,9.759854278564454,9.76710977197523
7.21020587500243,0.030686187744140628,0.3614982604980469,9.759255523681642,9.765996672688969
7.220190874999389,0.029788055419921876,0.3622467041015625,9.738748168945312,9.745528508039666
7.230176874996687,0.026195526123046875,0.3791615295410156,9.779912567138672,9.787294799481094
7.240161875000922,0.017812957763671877,0.37631744384765625,9.758058013916017,9.765327865615108
7.25014787499822,0.025596771240234375,0.3842509460449219,9.779912567138672,9.787491701407019
7.260132875002455,0.024548950195312502,0.3722758483886719,9.765692138671875,9.772816119500401
7.270118874999753,0.038470001220703126,0.36209701538085937,9.757010192871094,9.763802645144569
7.280103874996712,0.07050338745117188,0.3668870544433594,9.76404556274414,9.771190438718495
7.290088875000947,0.08786727905273438,0.3546125793457031,9.753717041015625,9.760556687830716
7.300074874998245,0.10074050903320313,0.3561094665527344,9.744136962890625,9.751162379629418
7.31005987500248,0.10747650146484375,0.35640884399414063,9.747879180908203,9.754984725156055
7.320045874999778,0.13561798095703126,0.3836521911621094,9.783505096435547,9.79196370563753
7.330030874996737,0.15163467407226563,0.40505767822265626,9.777966613769532,9.787527568137918
7.340016875001311,0.1682501220703125,0.4022135925292969,9.777816925048828,9.787532257794266
7.35000187499827,0.1585203552246094,0.39248382568359375,9.769134979248047,9.778301002690167
7.359986875002505,0.16525634765625,0.38934036254882814,9.781858520507813,9.79099850340003
7.369972874999803,0.14938934326171877,0.3811074829101563,9.742640075683594,9.7512356003599
7.379957874996762,0.1454974365234375,0.3608995056152344,9.7668896484375,9.774638170384815
7.389943875001336,0.12020004272460938,0.36239639282226566,9.762099609375001,9.769563346391749
7.399928874998295,0.10029144287109376,0.37362304687500003,9.741891632080078,9.74956948412909
7.40991387500253,0.07529342651367188,0.3733236694335938,9.756112060546876,9.763542502605484
7.419899874999828,0.061072998046875,0.37167709350585937,9.773625640869142,9.780880938892066
7.429884874996787,0.0568817138671875,0.3842509460449219,9.805958404541016,9.813648890728539
7.439870875001361,0.04445755004882813,0.39892044067382815,9.748328247070313,9.756588420363581
7.44985587499832,0.037571868896484374,0.3784130859375,9.740394744873047,9.74781503183619
7.459841875002894,0.045205993652343755,0.35685791015625,9.75012451171875,9.7567576142857
7.469826874999853,0.05059478759765625,0.3603007507324219,9.7716796875,9.778450816904
7.4798118749968125,0.036074981689453126,0.3549119567871094,9.770033111572266,9.776543914011372
7.489797875001386,0.039966888427734375,0.37092864990234375,9.760303344726562,9.767430921003204
7.4997828749983455,0.0556842041015625,0.35057098388671876,9.754016418457033,9.76047319738439
7.509768875002919,0.06182144165039063,0.35700759887695316,9.783056030273437,9.789763102740183
7.5197538749998785,0.07274871826171875,0.3658392333984375,9.726473693847657,9.733623232785044
7.529739874997176,0.09864486694335937,0.37362304687500003,9.790241088867187,9.797864337143775
7.539724875001411,0.11990066528320313,0.39173538208007813,9.741292877197266,9.749903573802305
7.549710874998709,0.12124786376953126,0.379610595703125,9.798773345947266,9.806873320997132
7.559695875002944,0.1478924560546875,0.3882925415039063,9.779613189697265,9.78843590245378
7.569680874999904,0.16046630859375,0.4087998962402344,9.773326263427736,9.783188286175733
7.579666874997201,0.1502874755859375,0.4046086120605469,9.802964630126954,9.812461974132264
7.589651875001437,0.14519805908203126,0.37437149047851564,9.761650543212891,9.769905722014558
7.599637874998734,0.14340179443359377,0.36314483642578127,9.783056030273437,9.790843862422633
7.6096228750029695,0.12888198852539062,0.3525169372558594,9.706116027832032,9.713370532608975
7.619608875000267,0.1287322998046875,0.34443374633789064,9.750723266601563,9.75765396150501
7.6295938749972265,0.11825408935546876,0.36628829956054687,9.73141342163086,9.739022452522711
7.639578875001462,0.10029144287109376,0.35895355224609377,9.743538208007813,9.750663712644968
7.6495648749987595,0.08756790161132813,0.3626957702636719,9.789193267822267,9.796301403791972
7.659549875002995,0.08756790161132813,0.3842509460449219,9.759854278564454,9.767807966260492
7.669535875000292,0.07619155883789062,0.3878434753417969,9.780062255859375,9.7880460482922
7.679520874997252,0.08307723999023438,0.37676651000976563,9.753267974853516,9.760896015232031
7.689505875001487,0.07319778442382813,0.3668870544433594,9.773925018310548,9.781082470254482
7.699491874998785,0.0622705078125,0.38275405883789065,9.798174591064454,9.805845379297043
7.70947687500302,0.04834945678710938,0.379610595703125,9.771829376220703,9.779319568983906
7.719462875000318,0.05478607177734375,0.39517822265625,9.769584045410157,9.777726717476575
7.729447874997277,0.04101470947265625,0.3626957702636719,9.730365600585937,9.737209310127128
7.7394338750018505,0.03323089599609375,0.36134857177734375,9.78455291748047,9.791279430071937
7.74941887499881,0.04894821166992188,0.3661386108398438,9.786349182128907,9.79331832038194
7.7594048749961075,0.08098159790039063,0.3691323852539063,9.750723266601563,9.758043910481588
7.769389875000343,0.092208251953125,0.3492237854003906,9.728269958496094,9.734972829925887
7.779374874997302,0.09580078125000001,0.346080322265625,9.733509063720703,9.740130803674079
7.789360875001876,0.0987945556640625,0.37167709350585937,9.776170349121093,9.783731952639558
7.7993461250007385,0.11331436157226563,0.4022135925292969,9.782307586669923,9.79122860721645
7.809332124998036,0.12618759155273437,0.39697448730468754,9.77257781982422,9.781451287838273
7.8193171250022715,0.11780502319335938,0.37362304687500003,9.783205718994141,9.791046233411699
7.829303124999569,0.1215472412109375,0.36164794921875004,9.750872955322267,9.758334200151955
7.8392881249965285,0.12693603515625002,0.36718643188476563,9.734407196044922,9.742156952707784
7.849273125000764,0.14639556884765625,0.37197647094726566,9.750872955322267,9.759063558987194
7.8592591249980615,0.1407073974609375,0.35161880493164066,9.767937469482423,9.775276812622774
7.869244125002297,0.15941848754882812,0.37137771606445313,9.770482177734376,9.778837233924424
7.879230124999594,0.14983840942382814,0.39532791137695317,9.773775329589844,9.782914693472053
7.889215124996554,0.14684463500976563,0.39697448730468754,9.783205718994141,9.792357542010077
7.899201125001127,0.13127700805664064,0.4147874450683594,9.807455291748047,9.81710046689283
7.909186124998087,0.12124786376953126,0.3921844482421875,9.7860498046875,9.794655709402754
7.919171125002322,0.09954299926757813,0.36553985595703126,9.771529998779297,9.778871443681014
7.9291571249996196,0.07110214233398438,0.35715728759765625,9.721983032226563,9.72880110402252
7.939142124996579,0.06825805664062501,0.3381468200683594,9.752818908691406,9.758917926693888
7.9491281250011525,0.06122268676757813,0.33185989379882813,9.721084899902344,9.726940466436329
7.959113124998112,0.0580792236328125,0.3610491943359375,9.782756652832031,9.789589237832086
7.9690991250026855,0.060174865722656255,0.3784130859375,9.75251953125,9.760043785018908
7.979084124999645,0.055384826660156254,0.3938310241699219,9.784702606201172,9.79278180326831
7.989069124996604,0.060174865722656255,0.4086502075195313,9.76015365600586,9.768890182380753
7.999055125001178,0.06735992431640625,0.3975732421875,9.78410385131836,9.792409816571718
8.009040124998137,0.07424560546875,0.3918850708007813,9.801916809082032,9.81002851427114
8.01902612500271,0.0748443603515625,0.3800596618652344,9.77736785888672,9.785038031241609
8.02901112499967,0.04999603271484375,0.36703674316406254,9.733209686279297,9.74025597051745
8.038997124996968,0.052690429687500005,0.3480262756347656,9.738448791503906,9.744808024515246
8.048982125001203,0.07888595581054687,0.3514691162109375,9.748927001953126,9.75557949191564
8.058967124998162,0.09175918579101563,0.3597019958496094,9.779912567138672,9.786955353677268
8.068953125002736,0.08397537231445312,0.3477268981933594,9.752369842529298,9.758928394263247
8.078938124999695,0.10163864135742189,0.3906875610351563,9.769284667968751,9.77762190451103
8.088924124996993,0.12229568481445313,0.3906875610351563,9.768236846923829,9.77681155093378
8.098909125001228,0.13561798095703126,0.3897894287109375,9.773625640869142,9.78233541662462
8.108895124998526,0.13427078247070312,0.3944297790527344,9.800419921875001,9.809272864933124
8.118880125002761,0.13007949829101564,0.3782633972167969,9.782457275390625,9.7906319621561
8.12886512499972,0.13606704711914064,0.37242553710937504,9.757459259033203,9.76551208148839
8.138851124997018,0.11735595703125,0.36539016723632817,9.720635833740236,9.728208643278496
8.148836125001253,0.12783416748046875,0.3607498168945313,9.786648559570313,9.794129467865153
8.15882212499855,0.11735595703125,0.36853363037109377,9.77931381225586,9.78695908318531
8.168807125002786,0.09744735717773438,0.37661682128906254,9.748927001953126,9.756685600495159
8.178793125000084,0.08936416625976563,0.39667510986328125,9.75686050415039,9.765329692050656
8.188778124997043,0.0892144775390625,0.3948788452148438,9.787546691894532,9.795915412630734
8.198763125001278,0.08547225952148438,0.38275405883789065,9.777218170166016,9.785080547636237
8.208749124998576,0.07843688964843751,0.377215576171875,9.757459259033203,9.765062986394772
8.218734125002811,0.07918533325195314,0.39158569335937504,9.747430114746095,9.75561394859929
8.228720125000109,0.07140151977539062,0.36598892211914064,9.770033111572266,9.777146468646086
8.238705124997068,0.05164260864257813,0.3403921508789063,9.760602722167969,9.766672886679483
8.248691125001642,0.05523513793945313,0.36434234619140626,9.736502838134767,9.743473907323702
8.258676124998601,0.05763015747070313,0.355660400390625,9.725874938964845,9.732546372036484
8.268661125002836,0.05553451538085938,0.3597019958496094,9.7573095703125,9.764095434761416
8.278647125000134,0.06586303710937501,0.36060012817382814,9.766440582275392,9.773317350787908
8.288632124997093,0.08711883544921875,0.3802093505859375,9.76584182739258,9.77362857077214
8.298618125001667,0.10702743530273438,0.3909869384765625,9.754914550781251,9.763333628992228
8.308603124998626,0.12424163818359375,0.37931121826171876,9.760453033447266,9.76861077139875
8.3185891250032,0.12918136596679688,0.37811370849609377,9.774224395751954,9.782388273851042
8.32857412500016,0.13397140502929689,0.3848497009277344,9.769134979248047,9.777630381254829
8.338560124997457,0.1287322998046875,0.38215530395507813,9.765093383789063,9.773416161991411
8.348545125001692,0.14265335083007813,0.3706292724609375,9.768985290527345,9.777054241572335
8.358530124998651,0.12005035400390626,0.3650907897949219,9.764195251464844,9.771755844320824
8.368516125003225,0.1167572021484375,0.37616775512695316,9.751172332763673,9.759123745885514
8.378501125000184,0.11166778564453125,0.3836521911621094,9.75581268310547,9.76399200153174
8.388487124997482,0.10463241577148438,0.37631744384765625,9.769134979248047,9.776940267984763
8.398472125001717,0.11241622924804688,0.374820556640625,9.785750427246095,9.793571324222123
8.408458124999015,0.10029144287109376,0.38050872802734376,9.761351165771485,9.769279494779873
8.41844312500325,0.09714797973632813,0.398770751953125,9.765093383789063,9.773714986467583
8.42842812500021,0.07753875732421875,0.38514907836914064,9.750872955322267,9.758784527915921
8.438414124997507,0.08158035278320312,0.3725752258300781,9.769434356689453,9.776876561690182
8.448399125001743,0.0676593017578125,0.36209701538085937,9.754315795898439,9.761268804606082
8.45838512499904,0.05763015747070313,0.36239639282226566,9.746981048583985,9.753885991851455
8.468370124996,0.042361907958984375,0.3641926574707031,9.734556884765626,9.741459262643321
8.478356125000573,0.047900390625000004,0.36254608154296875,9.77018280029297,9.777024397013887
8.488341124997532,0.05164260864257813,0.36703674316406254,9.771529998779297,9.778557227265361
8.498326125001768,0.06661148071289062,0.3703298950195313,9.751621398925781,9.75887807222199
8.508312124999065,0.0820294189453125,0.36643798828125,9.749376068115234,9.756604908592239
8.518297124996025,0.0975970458984375,0.377215576171875,9.771080932617188,9.778846525333648
8.528283125000598,0.12229568481445313,0.37556900024414064,9.782307586669923,9.790278342758624
8.538268124997558,0.12768447875976563,0.37556900024414064,9.796827392578125,9.804855040235406
8.548254125002131,0.13696517944335937,0.38769378662109377,9.785301361083985,9.793936320999673
8.55823912499909,0.135318603515625,0.37556900024414064,9.772278442382813,9.780428883942752
8.56822412499605,0.11181747436523438,0.38035903930664067,9.763746185302734,9.771791837599151
8.578210125000624,0.11900253295898439,0.3799099731445313,9.755662994384766,9.763782753142024
8.588195124997583,0.11151809692382814,0.37197647094726566,9.75775863647461,9.765482906061264
8.598181125002156,0.11645782470703125,0.3733236694335938,9.756261749267578,9.764096287282122
8.608166124999116,0.1071771240234375,0.37931121826171876,9.749376068115234,9.757340706040308
8.618152124996413,0.11795471191406251,0.37137771606445313,9.746232604980468,9.754018900557675
8.628137125000649,0.11181747436523438,0.38455032348632817,9.785750427246095,9.793941674484998
8.638123124997946,0.11211685180664063,0.3806584167480469,9.778116302490234,9.786165206235047
8.648108125002182,0.09385482788085937,0.37676651000976563,9.77452377319336,9.782232706519695
8.65809312499914,0.09295669555664063,0.37661682128906254,9.761949920654297,9.769654417157708
8.668079124996439,0.08592132568359376,0.36793487548828124,9.758207702636719,9.765519756500746
8.678064125000674,0.07454498291015625,0.354462890625,9.767638092041016,9.774351886053518
8.688050124997972,0.07080276489257813,0.36209701538085937,9.762249298095703,9.76921893695879
8.698035125002207,0.0532891845703125,0.36598892211914064,9.768685913085937,9.775684738003253
8.708021124999505,0.07559280395507813,0.36479141235351564,9.776170349121093,9.783266005867933
8.718006124996464,0.07140151977539062,0.3818559265136719,9.76404556274414,9.771770457649083
8.727991125000699,0.09056167602539063,0.38470001220703126,9.783804473876954,9.79178357091349
8.737977124997997,0.08277786254882813,0.39113662719726566,9.78649887084961,9.79466182084936
8.747962125002232,0.11166778564453125,0.38859191894531253,9.731563110351564,9.739958621296898
8.75794812499953,0.09984237670898438,0.3722758483886719,9.767787780761719,9.775389298512788
8.767933124996489,0.09984237670898438,0.38170623779296875,9.78560073852539,9.793551448069573
8.777919125001063,0.09909393310546875,0.40550674438476564,9.758357391357423,9.767281827856708
8.787904124998022,0.09086105346679688,0.40505767822265626,9.80131805419922,9.810105149961228
8.797889000001305,0.08397537231445312,0.37901184082031253,9.739646301269532,9.747379745986644
8.807874999998603,0.09595046997070313,0.37122802734375004,9.795031127929688,9.802532914409657
8.817860000002838,0.09370513916015626,0.3737727355957031,9.72662338256836,9.73425339393347
8.827846000000136,0.11106903076171876,0.36553985595703126,9.770332489013672,9.777798968160653
8.837830999997095,0.10927276611328125,0.35685791015625,9.746232604980468,9.753375728220435
8.847817000001669,0.10508148193359376,0.36673736572265625,9.765991516113282,9.773439962779694
8.857801999998628,0.08412506103515625,0.36658767700195316,9.736652526855469,9.743914304813279
8.867787000002863,0.10508148193359376,0.38514907836914064,9.787995758056642,9.796134078816436
8.877773000000161,0.09580078125000001,0.39008880615234376,9.761949920654297,9.77021050539526
8.88775799999712,0.0975970458984375,0.38814285278320315,9.791588287353516,9.799764346481671
8.897744000001694,0.07888595581054687,0.3758683776855469,9.775571594238281,9.783113002794483
8.907728999998653,0.08801696777343751,0.3737727355957031,9.75970458984375,9.767255844171785
8.917715000003227,0.1071771240234375,0.38514907836914064,9.76584182739258,9.774021349789091
8.927700000000186,0.10927276611328125,0.37616775512695316,9.755662994384766,9.7635241167019
8.937685999997484,0.11091934204101563,0.3447331237792969,9.744735717773438,9.751462363990276
8.94767100000172,0.10642868041992189,0.3534150695800781,9.748028869628907,9.755013896378665
8.957655999998678,0.11061996459960938,0.3573069763183594,9.766590270996094,9.773750077294249
8.967641999995976,0.11166778564453125,0.39787261962890624,9.762398986816407,9.771141504123003
8.977627000000211,0.09520202636718751,0.40071670532226566,9.726922760009765,9.73563884308291
8.98761299999751,0.08307723999023438,0.3779640197753906,9.781858520507813,9.789510444515622
8.997598000001744,0.10163864135742189,0.37856277465820315,9.787397003173828,9.795242737447088
9.007583999999042,0.0916094970703125,0.39517822265625,9.778265991210938,9.786676857978282
9.017568999996001,0.08247848510742188,0.3841012573242188,9.77886474609375,9.786752893517791
9.027554000000237,0.09894424438476564,0.3632945251464844,9.79083984375,9.798077246146859
9.037539999997534,0.12139755249023439,0.37362304687500003,9.732461242675782,9.740386716506332
9.04752500000177,0.09041198730468751,0.370030517578125,9.721983032226563,9.729442480958953
9.057510999999067,0.076640625,0.3576063537597656,9.782008209228517,9.788842663719947
9.067495999996027,0.10298583984375001,0.3806584167480469,9.724976806640626,9.732968755890854
9.0774820000006,0.09415420532226564,0.3688330078125,9.765093383789063,9.772509994681654
9.08746699999756,0.09071136474609376,0.3487747192382813,9.747280426025391,9.753940130021896
9.097452000001795,0.10987152099609375,0.36284545898437504,9.793085174560547,9.80042069578797
9.107437999999092,0.13486953735351564,0.4071533203125,9.783505096435547,9.792902306789738
9.117422999996052,0.13112731933593752,0.39652542114257816,9.75251953125,9.761458087340294
9.127409000000625,0.1239422607421875,0.3641926574707031,9.767189025878906,9.774762372712843
9.137393999997585,0.12244537353515626,0.3864962768554688,9.798174591064454,9.806558905064731
9.147380000002158,0.12424163818359375,0.3948788452148438,9.80086898803711,9.80960744411948
9.157364999999118,0.10433303833007813,0.40894958496093753,9.746531982421876,9.755665575976835
9.167350999996415,0.10089019775390626,0.3745211791992188,9.763746185302734,9.771447411549902
9.17733600000065,0.106578369140625,0.3632945251464844,9.779014434814453,9.786340744991435
9.18732099999761,0.09789642333984376,0.3882925415039063,9.768087158203125,9.776291809154587
9.197307000002183,0.07229965209960938,0.3800596618652344,9.723928985595704,9.731622038652093
9.207291999999143,0.06421646118164062,0.354462890625,9.77018280029297,9.776821551294546
9.21727799999644,0.0676593017578125,0.3632945251464844,9.73904754638672,9.746056012762136
9.227263000000676,0.07993377685546875,0.35476226806640626,9.733359375000001,9.740150429969056
9.237248999997973,0.07529342651367188,0.35640884399414063,9.748028869628907,9.754832812881626
9.247234000002209,0.07035369873046875,0.3740721130371094,9.807305603027345,9.814689133123304
9.257218999999168,0.07604187011718751,0.3921844482421875,9.751172332763673,9.75935207227968
9.267204999996466,0.0748443603515625,0.3818559265136719,9.754315795898439,9.76207417883125
9.2771900000007,0.08352630615234376,0.36209701538085937,9.79802490234375,9.805069243983718
9.287175999997999,0.09086105346679688,0.3782633972167969,9.805958404541016,9.813672052819967
9.297161000002234,0.09355545043945312,0.3914360046386719,9.75775863647461,9.766054903374712
9.307146999999532,0.096998291015625,0.38993911743164067,9.71030731201172,9.718617662891754
9.31713199999649,0.10972183227539063,0.3626957702636719,9.762249298095703,9.769600731883319
9.327118000001065,0.11331436157226563,0.3519181823730469,9.772278442382813,9.77926952829725
9.337102999998024,0.10687774658203125,0.3787124633789063,9.764794006347657,9.772719578962455
9.347088000002259,0.10732681274414063,0.39622604370117187,9.763147430419922,9.771773732058884
9.357073999999557,0.12499008178710938,0.3782633972167969,9.785900115966797,9.794005656415465
9.367058999996516,0.1119671630859375,0.36479141235351564,9.780511322021486,9.787952346651819
9.37704500000109,0.12199630737304688,0.3746708679199219,9.764943695068359,9.772890397734738
9.387029999998049,0.11780502319335938,0.398770751953125,9.761201477050781,9.770053756847052
9.397016000002623,0.104183349609375,0.3918850708007813,9.750723266601563,9.759151208014835
9.407000999999582,0.0892144775390625,0.3758683776855469,9.746082916259766,9.753736128835811
9.416985999996541,0.08367599487304687,0.358055419921875,9.784852294921876,9.791758768949087
9.426972000001115,0.08337661743164063,0.37736526489257816,9.729467468261719,9.737139899346465
9.436956999998074,0.080233154296875,0.3864962768554688,9.75865676879883,9.766637019071343
9.446943000002648,0.060474243164062504,0.3644920349121094,9.758058013916017,9.765050321455146
9.456927999999607,0.06511459350585938,0.34982254028320314,9.762099609375001,9.7685825227275
9.466913999996905,0.07918533325195314,0.3787124633789063,9.769434356689453,9.777092670962315
9.47689900000114,0.06631210327148437,0.37362304687500003,9.762698364257814,9.770070154695853
9.486884999998438,0.062120819091796876,0.36973114013671876,9.761949920654297,9.769146654929175
9.496870000002673,0.09086105346679688,0.38634658813476563,9.76973373413086,9.777792013180429
9.506854999999632,0.09684860229492188,0.38664596557617187,9.7716796875,9.779805656022155
9.51684099999693,0.09026229858398438,0.3787124633789063,9.759405212402344,9.767167476414553
9.526826000001165,0.11301498413085938,0.38589752197265625,9.77886474609375,9.787128537344236
9.536811999998463,0.10927276611328125,0.3784130859375,9.75147171020508,9.759423011426072
9.546797000002698,0.11810440063476563,0.3704795837402344,9.758357391357423,9.766101717106867
9.556782999999996,0.11735595703125,0.37676651000976563,9.747130737304689,9.755115736567431
9.566767999996955,0.12888198852539062,0.37856277465820315,9.761051788330079,9.769240111481803
9.57675300000119,0.12304412841796876,0.37212615966796875,9.756710815429688,9.764580056109429
9.586738999998488,0.11406280517578125,0.37212615966796875,9.761051788330079,9.7688085361878
9.596724000002723,0.11331436157226563,0.3769161987304688,9.747729492187501,9.755672002392554
9.606710000000021,0.09729766845703125,0.38155654907226566,9.75296859741211,9.76091433721933
9.61669499999698,0.09131011962890626,0.398770751953125,9.790540466308594,9.799083542504677
9.626681000001554,0.099393310546875,0.38664596557617187,9.777517547607422,9.785664184236492
9.636665999998513,0.07499404907226563,0.37901184082031253,9.749376068115234,9.757028635830496
9.646652000003087,0.07170089721679689,0.3854484558105469,9.755513305664063,9.763388314910813
9.656637000000046,0.05912704467773438,0.3688330078125,9.754166107177735,9.761316009712992
9.666621999997005,0.07424560546875,0.355660400390625,9.765692138671875,9.772448499616415
9.676608000001579,0.08367599487304687,0.38455032348632817,9.784403228759766,9.792314699108479
9.686592999998538,0.08247848510742188,0.3703298950195313,9.770931243896484,9.778294549899961
9.696579000003112,0.061372375488281256,0.38634658813476563,9.75147171020508,9.759315076867148
9.706564000000071,0.06795867919921875,0.3875440979003906,9.781559143066406,9.78946924399898
9.716549999997369,0.08696914672851563,0.37137771606445313,9.787097625732422,9.794527297225178
9.726535000001604,0.09610015869140626,0.37122802734375004,9.776469726562501,9.78398721397259
9.736519999998563,0.09789642333984376,0.36853363037109377,9.742640075683594,9.750099301583203
9.746506000003137,0.11076965332031251,0.3595523071289063,9.74428665161133,9.751547063232026
9.756491000000096,0.10193801879882813,0.3686833190917969,9.726922760009765,9.734441182145442
9.766476999997394,0.12049942016601563,0.36553985595703126,9.758956146240235,9.766543122353655
9.77646200000163,0.12020004272460938,0.3818559265136719,9.766290893554688,9.774492304790762
9.786447999998927,0.11990066528320313,0.3882925415039063,9.762249298095703,9.770704100805274
9.796433000003162,0.11541000366210938,0.39996826171875,9.80850311279297,9.817333008154352
9.806419125001412,0.1287322998046875,0.38993911743164067,9.766141204833986,9.774770511529802
9.816404124998371,0.1239422607421875,0.40161483764648437,9.796677703857423,9.805689684824461
9.826389125002606,0.12184661865234375,0.3842509460449219,9.754465484619141,9.762791213512637
9.836375124999904,0.10268646240234376,0.3757186889648438,9.759854278564454,9.767623282130154
9.846360124996863,0.11406280517578125,0.35685791015625,9.728719024658204,9.73592993772614
9.856346125001437,0.10223739624023438,0.3585044860839844,9.752070465087892,9.759193425061925
9.866331124998396,0.08696914672851563,0.35476226806640626,9.74009536743164,9.74694196484157
9.87631712500297,0.08607101440429688,0.3477268981933594,9.752070465087892,9.758647476535225
9.88630212499993,0.07708969116210938,0.36658767700195316,9.768536224365235,9.775716306856953
9.896287124996888,0.07604187011718751,0.3879931640625,9.780511322021486,9.788499516348796
9.906273125001462,0.07589218139648438,0.39592666625976564,9.773475952148438,9.781786633099115
9.916258124998421,0.07798782348632813,0.3983216857910156,9.77841567993164,9.786835825511558
9.926244125002995,0.06481521606445313,0.3936813354492188,9.773326263427736,9.781466774340181
9.936229124999954,0.07978408813476563,0.38080810546875005,9.76539276123047,9.773140544113884
9.946215124997252,0.08861572265625,0.37317398071289065,9.782008209228517,9.78952481847802
9.956200125001487,0.07978408813476563,0.3680845642089844,9.75057357788086,9.757844887309737
9.966186124998785,0.07649093627929687,0.3698808288574219,9.770781555175782,9.778079304743464
9.97617112500302,0.08352630615234376,0.35401382446289065,9.735305328369142,9.742097939781909
9.98615612499998,0.07394622802734375,0.3894900512695313,9.773925018310548,9.781962012205643
9.996142124997277,0.09894424438476564,0.38814285278320315,9.723479919433593,9.731726803671169
10.006127125001512,0.10089019775390626,0.40116577148437504,9.828411712646485,9.837112869206091
10.01611312499881,0.11017089843750001,0.379610595703125,9.732760620117189,9.740783906839146
10.026098125003045,0.10538085937500001,0.38709503173828125,9.804311828613281,9.812516401097394
10.036084125000343,0.10912307739257814,0.3788621520996094,9.739646301269532,9.747623015389262
10.046069124997302,0.10597961425781251,0.36643798828125,9.773326263427736,9.780767594074618
10.056054125001538,0.10133926391601562,0.36134857177734375,9.754315795898439,9.761532619565964
10.066040124998835,0.099393310546875,0.36434234619140626,9.740394744873047,9.74771327857771
10.07602512500307,0.10837463378906251,0.3848497009277344,9.748477935791016,9.756673429922586
10.086011125000368,0.10328521728515626,0.39113662719726566,9.772278442382813,9.78064832476379
10.095996124997328,0.10328521728515626,0.37392242431640627,9.75775863647461,9.765466677185026
10.105982125001901,0.10493179321289063,0.37392242431640627,9.796827392578125,9.804522202565643
10.11596712499886,0.0987945556640625,0.3752696228027344,9.748028869628907,9.755749817269095
10.125953124996158,0.11630813598632814,0.39308258056640627,9.785900115966797,9.79448225162108
10.135938125000393,0.12139755249023439,0.38290374755859374,9.762398986816407,9.770659477406786
10.145923124997353,0.10343490600585938,0.3608995056152344,9.770931243896484,9.778141163119209
10.155909125001926,0.11511062622070313,0.3782633972167969,9.76449462890625,9.772496559829628
10.165894124998886,0.080233154296875,0.37497024536132817,9.746981048583985,9.75452098287815
10.175880124996183,0.06661148071289062,0.38634658813476563,9.779912567138672,9.787767395908173
10.185865125000419,0.07259902954101563,0.37212615966796875,9.760752410888673,9.768113232578159
10.195851124997716,0.0724493408203125,0.3694317626953125,9.767189025878906,9.774441682342925
10.205836125001952,0.06316864013671876,0.384400634765625,9.745184783935548,9.752967784123655
10.21582212499925,0.057779846191406255,0.37092864990234375,9.757608947753907,9.76482764575143
10.225807124996209,0.07289840698242188,0.37497024536132817,9.759255523681642,9.766728481900044
10.235792125000444,0.07873626708984376,0.3692820739746094,9.762848052978516,9.770146915756213
10.245778124997742,0.08128097534179687,0.36015106201171876,9.734407196044922,9.74140640989954
10.255763125001977,0.09205856323242188,0.3703298950195313,9.762398986816407,9.76985429717371
10.265749124999274,0.1011895751953125,0.3806584167480469,9.760303344726562,9.76824761876202
10.275734124996234,0.09954299926757813,0.3794609069824219,9.765692138671875,9.77356855687567
10.285720125000807,0.11466156005859375,0.3894900512695313,9.769434356689453,9.777867733972336
10.295705124997767,0.12274475097656251,0.38993911743164067,9.785900115966797,9.794435148025364
10.305690125002002,0.13112731933593752,0.39622604370117187,9.782756652832031,9.791655487205047
10.3156761249993,0.12543914794921876,0.3854484558105469,9.758207702636719,9.766622909671671
10.325661124996259,0.124541015625,0.39712417602539063,9.766141204833986,9.77500547869478
10.335647125000833,0.12978012084960938,0.39577697753906255,9.760902099609375,9.769784649309134
10.345632124997792,0.1287322998046875,0.36778518676757815,9.763147430419922,9.770920411953716
10.355618125002366,0.128133544921875,0.38395156860351565,9.75686050415039,9.765252885093
10.365603124999325,0.108973388671875,0.3764671325683594,9.762099609375001,9.769963740193841
10.375589124996623,0.11121871948242187,0.37077896118164066,9.75686050415039,9.764536524539608
10.385574125000858,0.09729766845703125,0.3824546813964844,9.77407470703125,9.782038376444723
10.395559124997817,0.09026229858398438,0.3849993896484375,9.766590270996094,9.774592438260067
10.40554512500239,0.07200027465820313,0.374820556640625,9.763297119140626,9.770754583237206
10.41553012499935,0.08128097534179687,0.37197647094726566,9.778265991210938,9.785676209989953
10.425516124996648,0.062120819091796876,0.35640884399414063,9.756411437988282,9.763116838773898
10.435501125000883,0.08337661743164063,0.36673736572265625,9.75057357788086,9.757824196685442
10.44548712499818,0.06960525512695313,0.379610595703125,9.768536224365235,9.7761571725626
10.455472125002416,0.06945556640625,0.3757186889648438,9.764195251464844,9.771668103127064
10.465458124999714,0.07858657836914062,0.3896397399902344,9.757010192871094,9.765103321576781
10.475443124996673,0.07304809570312501,0.3902384948730469,9.7716796875,9.779741613267026
10.485428125000908,0.09086105346679688,0.3824546813964844,9.772877197265625,9.780779929391807
10.495414124998206,0.09415420532226564,0.3715274047851563,9.763895874023438,9.771415468889765
10.505399125002441,0.113763427734375,0.3791615295410156,9.767937469482423,9.775955604987804
